City,County
Adelanto,San Bernardino County
Agoura Hills,Los Angeles County
Alameda,Alameda County
Albany,Alameda County
Alhambra,Los Angeles County
Aliso Viejo,Orange County
Alturas,Modoc County
Amador,Amador County
American Canyon,Napa County
Anaheim,Orange County
Anderson,Shasta County
Angels Camp,Calaveras County
Antioch,Contra Costa County
Apple Valley,San Bernardino County
Arcadia,Los Angeles County
Arcata,Humboldt County
Arroyo Grande,San Luis Obispo County
Artesia,Los Angeles County
Arvin,Kern County
Atascadero,San Luis Obispo County
Atherton,San Mateo County
Atwater,Merced County
Auburn,Placer County
Avalon,Los Angeles County
Avenal,Kings County
Azusa,Los Angeles County
Bakersfield,Kern County
Baldwin Park,Los Angeles County
Banning,Riverside County
Barstow,San Bernardino County
Beaumont,Riverside County
Bell,Los Angeles County
Bell Gardens,Los Angeles County
Bellflower,Los Angeles County
Belmont,San Mateo County
Belvedere,Marin County
Benicia,Solano County
Berkeley,Alameda County
Beverly Hills,Los Angeles County
Big Bear Lake,San Bernardino County
Biggs,Butte County
Bishop,Inyo County
Blue Lake,Humboldt County
Blythe,Riverside County
Bradbury,Los Angeles County
Brawley,Imperial County
Brea,Orange County
Brentwood,Contra Costa County
Brisbane,San Mateo County
Buellton,Santa Barbara County
Buena Park,Orange County
Burbank,Los Angeles County
Burlingame,San Mateo County
Calabasas,Los Angeles County
Calexico,Imperial County
California City,Kern County
Calimesa,Riverside County
Calipatria,Imperial County
Calistoga,Napa County
Camarillo,Ventura County
Campbell,Santa Clara County
Canyon Lake,Riverside County
Capitola,Santa Cruz County
Carlsbad,San Diego County
Carmel-By-The-Sea,Monterey County
Carpinteria,Santa Barbara County
Carson,Los Angeles County
Cathedral City,Riverside County
Ceres,Stanislaus County
Cerritos,Los Angeles County
Chico,Butte County
Chino,San Bernardino County
Chino Hills,San Bernardino County
Chowchilla,Madera County
Chula Vista,San Diego County
Citrus Heights,Sacramento County
Claremont,Los Angeles County
Clayton,Contra Costa County
Clearlake,Lake County
Cloverdale,Sonoma County
Clovis,Fresno County
Coachella,Riverside County
Coalinga,Fresno County
Colfax,Placer County
Colma,San Mateo County
Colton,San Bernardino County
Colusa,Colusa County
Commerce,Los Angeles County
Compton,Los Angeles County
Concord,Contra Costa County
Corcoran,Kings County
Corning,Tehama County
Corona,Riverside County
Coronado,San Diego County
Corte Madera,Marin County
Costa Mesa,Orange County
Cotati,Sonoma County
Covina,Los Angeles County
Crescent City,Del Norte County
Cudahy,Los Angeles County
Culver City,Los Angeles County
Cupertino,Santa Clara County
Cypress,Orange County
Daly City,San Mateo County
Dana Point,Orange County
Danville,Contra Costa County
Davis,Yolo County
Del Mar,San Diego County
Del Rey Oaks,Monterey County
Delano,Kern County
Desert Hot Springs,Riverside County
Diamond Bar,Los Angeles County
Dinuba,Tulare County
Dixon,Solano County
Dorris,Siskiyou County
Dos Palos,Merced County
Downey,Los Angeles County
Duarte,Los Angeles County
Dublin,Alameda County
Dunsmuir,Siskiyou County
East Palo Alto,San Mateo County
El Cajon,San Diego County
El Centro,Imperial County
El Cerrito,Contra Costa County
El Monte,Los Angeles County
El Paso De Robles,San Luis Obispo County
El Segundo,Los Angeles County
Elk Grove,Sacramento County
Emeryville,Alameda County
Encinitas,San Diego County
Escalon,San Joaquin County
Escondido,San Diego County
Etna,Siskiyou County
Eureka,Humboldt County
Exeter,Tulare County
Fairfax,Marin County
Fairfield,Solano County
Farmersville,Tulare County
Ferndale,Humboldt County
Fillmore,Ventura County
Firebaugh,Fresno County
Folsom,Sacramento County
Fontana,San Bernardino County
Fort Bragg,Mendocino County
Fort Jones,Siskiyou County
Fortuna,Humboldt County
Foster City,San Mateo County
Fountain Valley,Orange County
Fowler,Fresno County
Fremont,Alameda County
Fresno,Fresno County
Fullerton,Orange County
Galt,Sacramento County
Garden Grove,Orange County
Gardena,Los Angeles County
Gilroy,Santa Clara County
Glendale,Los Angeles County
Glendora,Los Angeles County
Goleta,Santa Barbara County
Gonzales,Monterey County
Grand Terrace,San Bernardino County
Grass Valley,Nevada County
Greenfield,Monterey County
Gridley,Butte County
Grover Beach,San Luis Obispo County
Guadalupe,Santa Barbara County
Gustine,Merced County
Half Moon Bay,San Mateo County
Hanford,Kings County
Hawaiian Gardens,Los Angeles County
Hawthorne,Los Angeles County
Hayward,Alameda County
Healdsburg,Sonoma County
Hemet,Riverside County
Hercules,Contra Costa County
Hermosa Beach,Los Angeles County
Hesperia,San Bernardino County
Hidden Hills,Los Angeles County
Highland,San Bernardino County
Hillsborough,San Mateo County
Hollister,San Benito County
Holtville,Imperial County
Hughson,Stanislaus County
Huntington Beach,Orange County
Huntington Park,Los Angeles County
Huron,Fresno County
Imperial,Imperial County
Imperial Beach,San Diego County
Indian Wells,Riverside County
Indio,Riverside County
Industry,Los Angeles County
Inglewood,Los Angeles County
Ione,Amador County
Irvine,Orange County
Irwindale,Los Angeles County
Isleton,Sacramento County
Jackson,Amador County
Kerman,Fresno County
King City,Monterey County
Kingsburg,Fresno County
La Canada Flintridge,Los Angeles County
La Habra,Orange County
La Habra Heights,Los Angeles County
La Mesa,San Diego County
La Mirada,Los Angeles County
La Palma,Orange County
La Puente,Los Angeles County
La Quinta,Riverside County
La Verne,Los Angeles County
Lafayette,Contra Costa County
Laguna Beach,Orange County
Laguna Hills,Orange County
Laguna Niguel,Orange County
Laguna Woods,Orange County
Lake Elsinore,Riverside County
Lake Forest,Orange County
Lakeport,Lake County
Lakewood,Los Angeles County
Lancaster,Los Angeles County
Larkspur,Marin County
Lathrop,San Joaquin County
Lawndale,Los Angeles County
Lemon Grove,San Diego County
Lemoore,Kings County
Lincoln,Placer County
Lindsay,Tulare County
Live Oak,Sutter County
Livermore,Alameda County
Livingston,Merced County
Lodi,San Joaquin County
Loma Linda,San Bernardino County
Lomita,Los Angeles County
Lompoc,Santa Barbara County
Long Beach,Los Angeles County
Loomis,Placer County
Los Alamitos,Orange County
Los Altos,Santa Clara County
Los Altos Hills,Santa Clara County
Los Angeles,Los Angeles County
Los Banos,Merced County
Los Gatos,Santa Clara County
Loyalton,Sierra County
Lynwood,Los Angeles County
Orcutt,
Castro Valley,
Pleasanton,
Paso Robles,
San Ramon,
Santa Rosa,
Thousand Oaks,
West Covina,
Rancho Santa Margarita,
San Bruno,
Rancho San Diego,
San Mateo,
Hemet,
Redding,
Redlands,
Menlo Park,
Turlock,
Rohnert Park,
Walnut,
El Dorado Hills,
Oakley,
Concord,
Downey,
Burlingame,
Apple Valley,
Rancho Palos Verdes,
Monrovia,
La Quinta,
Los Banos,
San Rafael,
South Whittier,
Canyon Country,
Fair Oaks,
Yuba City,
La Mesa,
Woodland,
Redondo Beach,
Rocklin,
Atwater,
Calexico,
San Juan Capistrano,
Montclair,
Rosemont,
West Sacramento,
Brea,
Pacifica,
San Gabriel,
Lemoore,
Moorpark,
Redwood City,
Glendale,
Arden-Arcade,
San Fernando,
Sonoma,
North Highlands,
Altadena,
Temescal Valley,
Sanger,
Ramona,
Live Oak,
Claremont,
Desert Hot Springs,
Porter Ranch,
Mira Loma,
Foster City,
Placerville,
Newport Beach,
Marysville,
Tehachapi,
Manhattan Beach,
Covina,
Pleasant Hill,
Temple City,
Mountain View,
Adelanto,
Seaside,
French Valley,
San Clemente,
Northridge,
Oakdale,
Palm Desert,
Willowbrook,
La Verne,
Wildomar,
Studio City,
Atascadero,
Ridgecrest,
Arcadia,
Santa Paula,
Danville,
San Dimas,
Banning,
Monterey Park,
Foothill Farms,
Culver City,
Sherman Oaks,
Coto De Caza,
Mill Valley,
West Whittier-Los Nietos,
Barstow,
Orangevale,
San Jacinto,
Galt,
Dinuba,
Ukiah,
La Crescenta,
Saratoga,
San Ysidro,
Burbank,
Valley Village,
Canoga Park,
Red Bluff,
Stanton,
Rosedale,
Reedley,
Lakewood,
Tarzana,
Whittier,
Selma,
San Carlos,
Encino,
South Lake Tahoe,
Laguna Hills,
Auburn,
Arroyo Grande,
West Puente Valley,
Sebastopol,
San Lorenzo,
Cameron Park,
Berkeley,
Windsor,
Oroville East,
Valencia,
Suisun City,
Lafayette,
Bloomington,
Vineyard,
Olivehurst,
Castaic,
Harbor City,
Palm Springs,
Wasco,
Patterson,
Sonora,
Benicia,
Palo Alto,
Venice,
Santa Monica,
Norco,
Brawley,
Blackhawk,
Maywood,
Dana Point,
Soledad,
Belmont,
Calabasas,
Lemon Grove,
Ladera Ranch,
Walnut Creek,
Tujunga,
Lennox,
Duarte,
Imperial Beach,
Grass Valley,
Glendora,
Hercules,
Agoura Hills,
El Cerrito,
Los Gatos,
Novato,
Yucca Valley,
South Pasadena,
Garden Acres,
Rio del Mar,
Marina,
Riverbank,
Eureka,
Palos Verdes Estates,
East San Gabriel,
Twentynine Palms,
Prunedale,
Imperial,
Seal Beach,
Port Hueneme,
Lathrop,
Crescent City,
Sun City,
Laguna Beach,
Los Altos,
Anderson,
Coronado,
Chowchilla,
Granite Bay,
Millbrae,
Rossmoor,
Corcoran,
Arvin,
Blythe,
Nipomo,
Dixon,
Shafter,
Pacific Palisades,
Mountain House,
Albany,
Arcata,
Ojai,
Rosamond,
Lomita,
Phelan,
Kerman,
Oroville,
Sunland,
American Canyon,
Half Moon Bay,
La Canada Flintridge,
West Hollywood,
Susanville,
Stevenson Ranch,
Valley Center,
Orinda,
Beverly Hills,
Pinole,
Hermosa Beach,
Paradise,
McKinleyville,
Truckee,
Ripon,
Rancho Mirage,
West Carson,
Taft,
Greenfield,
Coalinga,
Fillmore,
Malibu,
Canyon Lake,
Alpine,
Nevada City,
Livingston,
King City,
Healdsburg,
Lindsay,
Carpinteria,
Foothill Ranch,
Lamont,
El Segundo,
Parlier,
Artesia,
Santa Fe Springs,
Rio Linda,
Stanford,
San Anselmo,
Los Osos,
Kingsburg,
Laguna Woods,
Discovery Bay,
Orland,
Valley Springs,
Moraga,
Clearlake,
La Palma,
Pacific Grove,
Scotts Valley,
Salida,
Loomis,
Fort Bragg,
Corning,
McFarland,
Cottonwood,
Sun Village,
Exeter,
Delhi,
Bishop,
Fortuna,
Hawaiian Gardens,
Oasis,
Alamo,
California City,
Oak Park,
Winton,
Willits,
Mendota,
Newman,
Grover Beach,
Kentfield,
San Marino,
Corona Del Mar,
Avenal,
Escalon,
Clayton,
Carmel,
Playa Del Rey,
Camp Pendleton,
Solana Beach,
Tiburon,
Grand Terrace,
Bonadelle Ranchos-Madera Ranchos,
Commerce,
Magalia,
Coarsegold,
Gridley,
Kelseyville,
Cardiff By The Sea,
Ione,
Orosi,
Signal Hill,
Sausalito,
Soquel,
Orange Cove,
Lakeport,
Cloverdale,
Earlimart,
Morro Bay,
Spring Valley,
Farmersville,
Sierra Madre,
Big Bear City,
Hughson,
Mariposa,
Winters,
Colfax,
Waterford,
Woodlake,
Montecito,
Rio Vista,
Shasta Lake,
Castroville,
Gustine,
Nuevo,
Rodeo,
Corte Madera,
Mentone,
Mammoth Lakes,
Fort Irwin,
Joshua Tree,
Yreka,
Templeton,
Boulder Creek,
Firebaugh,
Jamul,
Cotati,
Playa Vista,
Calimesa,
Newport Coast,
Rancho Santa Fe,
Capitola,
Gonzales,
Fairfax,
Montrose,
Hilmar-Irwin,
Midway City,
Crestline,
Jamestown,
St. Helena,
Homeland,
Willows,
Heber,
Dos Palos,
Mecca,
Penn Valley,
Oakhurst,
Holtville,
Acampo,
Pollock Pines,
Thousand Palms,
Denair,
Ladera Heights,
Pismo Beach,
Solvang,
Ben Lomond,
Fowler,
Garnet,
Guadalupe,
Colusa,
Calistoga,
Calipatria,
Acton,
Oceano,
Huron,
Atherton,
Weed,
Mount Shasta,
Larkspur,
Silver Lakes,
Portola Valley,
Oak View,
Foresthill,
Forestville,
Lake Los Angeles,
Jackson,
Diamond Springs,
Newcastle,
Carmel Valley Village,
Wilton,
Capistrano Beach,
Felton,
Cutler,
Strathmore,
Lake Arrowhead,
Lucerne Valley,
Buellton,
Lake Isabella,
Rancho Murieta,
Williams,
Santa Ynez,
San Andreas,
Quincy,
Hidden Valley Lake,
San Martin,
Villa Park,
Elverta,
Pixley,
Riverdale,
Pinon Hills,
Cambria,
Camino,
Terra Bella,
Frazier Park,
French Camp,
Angels,
Needles,
Redwood Valley,
Caruthers,
Big Bear Lake,
Topanga,
Alturas,
Indian Wells,
Bonsall,
Arbuckle,
Shingletown,
Meadow Vista,
Guerneville,
Tipton,
Wheatland,
Plymouth,
Burney,
Running Springs,
Mojave,
Sutter Creek,
Buckhorn,
Brisbane,
Wrightwood,
Ivanhoe,
Palo Cedro,
Esparto,
Copperopolis,
Garden Valley,
Linden,
Auburn Lake Trails,
Anza,
Montague,
San Juan Bautista,
Mather,
Campo,
Aromas,
Planada,
Armona,
San Miguel,
Durham,
Avalon,
Los Molinos,
Angwin,
San Joaquin,
El Dorado,
Georgetown,
Biggs,
Tuolumne City,
Murphys,
Woodbridge,
Twain Harte,
Del Monte Forest,
Squaw Valley,
Pine Grove,
Edwards AFB,
Keyes,
Penngrove,
Lockeford,
Vandenberg AFB,
Clearlake Oaks,
Portola,
Pine Mountain Lake,
Hoopa,
Weaverville,
Laton,
Rio Dell,
Travis AFB,
Kings Beach,
Moss Beach,
Gerber,
Auberry,
Crockett,
Springville,
Maricopa,
Morongo Valley,
Glen Ellen,
Janesville,
Sutter,
Ferndale,
Westwood,
Yountville,
Lower Lake,
North Fork,
Le Grand,
Idyllwild-Pine Cove,
0,
Carmel-by-the-Sea,
Somis,
Hayfork,
Westmorland,
Somerset,
Montara,
Lucerne,
Covelo,
Upper Lake,
Penryn,
Fort Jones,
Nice,
Middletown,
Three Rivers,
Cayucos,
Dollar Point,
Pine Valley,
Aguanga,
Elizabeth Lake,
Julian,
Browns Valley,
Hamilton City,
Arnold,
Trinidad,
Salton City,
Newberry Springs,
Friant,
Landers,
Chester,
Santa Margarita,
Boron,
Del Rey,
Cabazon,
La Grange,
Prather,
Borrego Springs,
Pauma Valley,
Etna,
Twin Peaks,
Benbow,
Alviso,
Dunsmuir,
Weldon,
Richgrove,
Laytonville,
Bodfish,
Herald,
Tollhouse,
Mendocino,
Byron,
Tulelake,
Walnut Grove,
Sugarloaf,
Silverado,
Bethel Island,
Wofford Heights,
Gualala,
La Honda,
Greeley Hill,
Lost Hills,
Patton Village,
Occidental,
Smith River,
Seeley,
Piru,
Pine Mountain Club,
Chualar,
Kettleman City,
Descanso,
Bayside,
Soulsbyville,
Searles Valley,
Carlotta,
Buttonwillow,
Rough And Ready,
McArthur,
Winterhaven,
Lewiston,
Bradley,
Stevinson,
Knights Landing,
Geyserville,
Inyokern,
Greenville,
Loyalton,
Boulevard,
Cazadero,
Columbia,
Mokelumne Hill,
Yermo,
Forest Ranch,
Loleta,
Beale AFB,
West Point,
Smartsville,
Pala,
Empire,
Dunnigan,
Redway,
Lone Pine,
Woodacre,
Maxwell,
Lebec,
Pearblossom,
Potter Valley,
Hickman,
Mountain Center,
Clarksburg,
Yosemite National Park,
Big Pine,
Isleton,
Volcano,
Whitewater,
Shandon,
Big Sur,
Ahwahnee,
Blue Lake,
Hopland,
Grizzly Flats,
Forest Falls,
Point Arena,
Poplar-Cotton Center,
Los Alamos,
Carnelian Bay,
Graeagle,
Bella Vista,
Brownsville,
Raymond,
Big River,
Willow Creek,
Pilot Hill,
Bolinas,
Boonville,
March ARB,
Warner Springs,
Alpaugh,
Mountain Ranch,
Monte Rio,
Niland,
Millville,
Moss Landing,
Berry Creek,
Tranquillity,
Lakehead,
Dorris,
Bodega Bay,
Ross,
Point Reyes Station,
Palermo,
Oak Run,
Crows Landing,
Mi-Wuk Village,
Sea Ranch,
Whitethorn,
Thornton,
Hornbrook,
Cobb,
Klamath,
Creston,
Pescadero,
Olympic Valley,
McCloud,
Kneeland,
Stratford,
Llano,
El Nido,
Bradbury,
Alta,
Oro Grande,
Cantua Creek,
Walker,
Oregon House,
Hydesville,
Dulzura,
Sultana,
Sheridan,
Ballico,
Jolon,
Fall River Mills,
Snelling,
Albion,
Lagunitas,
Avilla Beach,
Philo,
Igo,
Five Points,
Tahoma,
Markleeville,
Inverness,
Cedarville,
Doyle,
Rio Oso,
Orleans,
Applegate,
Cedar Glen,
Happy Camp,
Santa Ysabel,
Forest Knolls,
Courtland,
Pope Valley,
Los Olivos,
San Ardo,
Onyx,
Forbestown,
Catheys Valley,
Manchester,
Daggett,
Caliente,
Davenport,
Ducor,
Douglas City,
Standish,
Sunol,
Kernville,
Diablo,
Greenwood,
Junction City,
Jacumba,
Miranda,
Biola,
Independence,
New Cuyama,
East Nicolaus,
Kenwood,
Clements,
Glenn,
Paicines,
Bodega,
Nicasio,
Meridian,
Wallace,
Whitmore,
Grenada,
Midpines,
Traver,
Lytle Creek,
Mad River,
Shasta,
Hinkley,
Little River,
Tahoe Vista,
Trinity Center,
Scotia,
Farmington,
Bangor,
Stinson Beach,
McClellan Park,
Baker,
Gasquet,
Bridgeport,
Burson,
Sunset Beach,
Adin,
Angelus Oaks,
Westley,
Elk,
Elk Creek,
North San Juan,
Salyer,
Pleasant Grove,
Death Valley,
Fields Landing,
Loma Mar,
Rio Nido,
Raisin City,
Cedarpines Park,
San Simeon,
Comptche,
Princeton,
Guatay,
North Palm Springs,
Round Mountain,
Camptonville,
Fiddletown,
Macdoel,
Tehama,
Lockwood,
Vallecito,
Grimes,
Annapolis,
French Gulch,
Lotus,
Potrero,
Manton,
Samoa,
Clio,
Palomar Mountain,
Dutch Flat,
Fulton,
San Lucas,
Burnt Ranch,
Vernalis,
Tres Pinos,
Leggett,
River Pines,
Myers Flat,
Valyermo,
Klamath River,
June Lake,
Petrolia,
Fawnskin,
Meadow Valley,
Stonyford,
Brookdale,
Orick,
Wilseyville,
Hathaway Pines,
Spreckels,
Keene,
Shaver Lake,
Summerland,
Calpine,
Bass Lake,
Cassel,
Fellows,
Pioneertown,
Graton,
Paynes Creek,
Chilcoot,
Mt Baldy,
Ranchita,
Canby,
Soda Springs,
Gazelle,
Lemon Cove,
Vina,
Wishon,
Finley,
Hood,
Dillon Beach,
Taylorsville,
Butte City,
Litchfield,
Brooks,
Capay,
Twain,
Beckwourth,
Milford,
Desert Center,
Bieber,
Hume,
Montgomery Creek,
Vinton,
Weimar,
Olancha,
El Portal,
Lee Vining,
Lookout,
Challenge,
Mira Monte,
Big Bend,
Branscomb,
Surfside,
Mineral,
Green Valley Lake,
Redcrest,
Marshall,
Posey,
Benton,
Port Costa,
Seiad Valley,
Mc Kittrick,
Caspar,
Skyforest,
Canyon,
Valley Ford,
Jenner,
O Neals,
California Hot Springs,
Tecopa,
Somes Bar,
Bridgeville,
Fort Bidwell,
Cressey,
Glencoe,
Castella,
Platina,
Nubieber,
Tomales,
San Geronimo,
Avery,
Zamora,
Westport,
Verdugo City,
Flournoy,
Yolo,
Greenview,
Glenhaven,
Yorkville,
San Gregorio,
Elmira,
Korbel,
Lake City,
Sierraville,
Edwards,
Rimforest,
Callahan,
Zenia,
Big Creek,
Davis Creek,
Alleghany,
Kirkwood,
Stirling City,
Gold Run,
Likely,
Badger,
Guinda,
Alderpoint,
Amador City,
Topaz,
Helm,
Tupman,
Weott,
Hyampom,
Deer Park,
Washington,
Palo Verde,
Olema,
Dunlap,
Clipper Mills,
Mount Laguna,
Dobbins,
Floriston,
Honeydew,
Camp Nelson,
Blocksburg,
Navarro,
Paskenta,
Kyburz,
Rail Road Flat,
Phillipsville,
Emigrant Gap,
Randsburg,
Witter Springs,
Downieville,
Forks Of Salmon,
Big Bar,
Essex,
Darwin,
Ocotillo,
Casmalia,
Long Barn,
Eagleville,
Dos Rios,
Sierra City,
Glennville,
Goodyears Bar,
Crescent Mills,
Woody,
Rutherford,
Hat Creek,
Scott Bar,
Hornitos,
Rumsey,
Piercy,
Fish Camp,
Mount Hamilton,
Termo,
Johannesburg,
Edison,
Sequoia National Park,
Ravendale,
Villa Grande,
Strawberry Valley,
Coyote,
Twin Bridges,
Lakeshore,
Canyon Dam,
Parker Dam,
Wendel,
Norden,
Old Station,
Birds Landing,
Shoshone,
Universal City,
Red Mountain,
Duncans Mills,
Drytown,
Madeline,
Amboy,
Keeler,
Nipton,
Madera,Madera County
Malibu,Los Angeles County
Mammoth Lakes,Mono County
Manhattan Beach,Los Angeles County
Manteca,San Joaquin County
Maricopa,Kern County
Marina,Monterey County
Martinez,Contra Costa County
Marysville,Yuba County
Maywood,Los Angeles County
Mcfarland,Kern County
Mendota,Fresno County
Menlo Park,San Mateo County
Merced,Merced County
Mill Valley,Marin County
Millbrae,San Mateo County
Milpitas,Santa Clara County
Mission Viejo,Orange County
Modesto,Stanislaus County
Monrovia,Los Angeles County
Montague,Siskiyou County
Montclair,San Bernardino County
Monte Sereno,Santa Clara County
Montebello,Los Angeles County
Monterey,Monterey County
Monterey Park,Los Angeles County
Moorpark,Ventura County
Moraga,Contra Costa County
Moreno Valley,Riverside County
Morgan Hill,Santa Clara County
Morro Bay,San Luis Obispo County
Mount Shasta,Siskiyou County
Mountain View,Santa Clara County
Murrieta,Riverside County
N,
Napa,Napa County
National City,San Diego County
Needles,San Bernardino County
Nevada City,Nevada County
Newark,Alameda County
Newman,Stanislaus County
Newport Beach,Orange County
Norco,Riverside County
Norwalk,Los Angeles County
Novato,Marin County
O,
Oakdale,Stanislaus County
Oakland,Alameda County
Oakley,Contra Costa County
Oceanside,San Diego County
Ojai,Ventura County
Ontario,San Bernardino County
Orange,Orange County
Orange Cove,Fresno County
Orinda,Contra Costa County
Orland,Glenn County
Oroville,Butte County
Oxnard,Ventura County
P,
Pacific Grove,Monterey County
Pacifica,San Mateo County
Palm Desert,Riverside County
Palm Springs,Riverside County
Palmdale,Los Angeles County
Palo Alto,Santa Clara County
Palos Verdes Estates,Los Angeles County
Paradise,Butte County
Paramount,Los Angeles County
Parlier,Fresno County
Pasadena,Los Angeles County
Patterson,Stanislaus County
Perris,Riverside County
Petaluma,Sonoma County
Pico Rivera,Los Angeles County
Piedmont,Alameda County
Pinole,Contra Costa County
Pismo Beach,San Luis Obispo County
Pittsburg,Contra Costa County
Placentia,Orange County
Placerville,El Dorado County
Pleasant Hill,Contra Costa County
Pleasanton,Alameda County
Plymouth,Amador County
Point Arena,Mendocino County
Pomona,Los Angeles County
Port Hueneme,Ventura County
Porterville,Tulare County
Portola,Plumas County
Portola Valley,San Mateo County
Poway,San Diego County
R,
Rancho Cordova,Sacramento County
Rancho Cucamonga,San Bernardino County
Rancho Mirage,Riverside County
Rancho Palos Verdes,Los Angeles County
Rancho Santa Margarita,Orange County
Red Bluff,Tehama County
Redding,Shasta County
Redlands,San Bernardino County
Redondo Beach,Los Angeles County
Redwood City,San Mateo County
Reedley,Fresno County
Rialto,San Bernardino County
Richmond,Contra Costa County
Ridgecrest,Kern County
Rio Dell,Humboldt County
Rio Vista,Solano County
Ripon,San Joaquin County
Riverbank,Stanislaus County
Riverside,Riverside County
Rocklin,Placer County
Rohnert Park,Sonoma County
Rolling Hills,Los Angeles County
Rolling Hills Estates,Los Angeles County
Rosemead,Los Angeles County
Roseville,Placer County
Ross,Marin County
S,
Sacramento,Sacramento County
Salinas,Monterey County
San Anselmo,Marin County
San Bernardino,San Bernardino County
San Bruno,San Mateo County
San Buenaventura,Ventura County
San Carlos,San Mateo County
San Clemente,Orange County
San Diego,San Diego County
San Dimas,Los Angeles County
San Fernando,Los Angeles County
San Francisco,San Francisco County
San Gabriel,Los Angeles County
San Jacinto,Riverside County
San Joaquin,Fresno County
San Jose,Santa Clara County
San Juan Bautista,San Benito County
San Juan Capistrano,Orange County
San Leandro,Alameda County
San Luis Obispo,San Luis Obispo County
San Marcos,San Diego County
San Marino,Los Angeles County
San Mateo,San Mateo County
San Pablo,Contra Costa County
San Rafael,Marin County
San Ramon,Contra Costa County
Sand City,Monterey County
Sanger,Fresno County
Santa Ana,Orange County
Santa Barbara,Santa Barbara County
Santa Clara,Santa Clara County
Santa Clarita,Los Angeles County
Santa Cruz,Santa Cruz County
Santa Fe Springs,Los Angeles County
Santa Maria,Santa Barbara County
Santa Monica,Los Angeles County
Santa Paula,Ventura County
Santa Rosa,Sonoma County
Santee,San Diego County
Saratoga,Santa Clara County
Sausalito,Marin County
Scotts Valley,Santa Cruz County
Seal Beach,Orange County
Seaside,Monterey County
Sebastopol,Sonoma County
Selma,Fresno County
Shafter,Kern County
Shasta Lake,Shasta County
Sierra Madre,Los Angeles County
Signal Hill,Los Angeles County
Simi Valley,Ventura County
Solana Beach,San Diego County
Soledad,Monterey County
Solvang,Santa Barbara County
Sonoma,Sonoma County
Sonora,Tuolumne County
South El Monte,Los Angeles County
South Gate,Los Angeles County
South Lake Tahoe,El Dorado County
South Pasadena,Los Angeles County
South San Francisco,San Mateo County
St Helena,Napa County
Stanton,Orange County
Stockton,San Joaquin County
Suisun City,Solano County
Sunnyvale,Santa Clara County
Susanville,Lassen County
Sutter Creek,Amador County
T,
Taft,Kern County
Tehachapi,Kern County
Tehama,Tehama County
Temecula,Riverside County
Temple City,Los Angeles County
Thousand Oaks,Ventura County
Tiburon,Marin County
Torrance,Los Angeles County
Tracy,San Joaquin County
Trinidad,Humboldt County
Truckee,Nevada County
Tulare,Tulare County
Tulelake,Siskiyou County
Turlock,Stanislaus County
Tustin,Orange County
Twentynine Palms,San Bernardino County
U,
Ukiah,Mendocino County
Union City,Alameda County
Upland,San Bernardino County
V,
Vacaville,Solano County
Vallejo,Solano County
Vernon,Los Angeles County
Victorville,San Bernardino County
Villa Park,Orange County
Visalia,Tulare County
Vista,San Diego County
W,
Walnut,Los Angeles County
Walnut Creek,Contra Costa County
Wasco,Kern County
Waterford,Stanislaus County
Watsonville,Santa Cruz County
Weed,Siskiyou County
West Covina,Los Angeles County
West Hollywood,Los Angeles County
West Sacramento,Yolo County
Westlake Village,Los Angeles County
Westminster,Orange County
Westmorland,Imperial County
Wheatland,Yuba County
Whittier,Los Angeles County
Williams,Colusa County
Willits,Mendocino County
Willows,Glenn County
Windsor,Sonoma County
Winters,Yolo County
Woodlake,Tulare County
Woodland,Yolo County
Woodside,San Mateo County
Y,
Yorba Linda,Orange County
Yountville,Napa County
Yreka,Siskiyou County
Yuba City,Sutter County
Yucaipa,San Bernardino County
Yucca Valley,San Bernardino County
,
No Cities,Alpine County
No Cities,Mariposa County
No Cities,Trinity County
