Zip Code,State,City,Average Annual Cost,Percent difference from national average
93407,California,San Luis Obispo,"$1,178",-38%
95419,California,Camp Meeker,"$1,222",-36%
94999,California,Petaluma,"$1,229",-35%
95192,California,San Jose,"$1,237",-35%
95480,California,Stewarts Point,"$1,239",-35%
95487,California,Vineburg,"$1,246",-34%
95101,California,San Jose,"$1,263",-33%
95042,California,New Almaden,"$1,266",-33%
94562,California,Oakville,"$1,269",-33%
93435,California,Harmony,"$1,272",-33%
93106,California,Santa Barbara,"$1,312",-31%
95141,California,San Jose,"$1,316",-31%
92182,California,San Diego,"$1,328",-30%
95044,California,Redwood Estates,"$1,364",-28%
95343,California,Merced,"$1,382",-27%
95538,California,Fort Dick,"$1,393",-27%
94974,California,San Quentin,"$1,406",-26%
93737,California,Fresno,"$1,410",-26%
92093,California,La Jolla,"$1,413",-26%
94615,California,Oakland,"$1,417",-25%
93661,California,Santa Rita Park,"$1,420",-25%
93740,California,Fresno,"$1,422",-25%
95836,California,Sacramento,"$1,423",-25%
93741,California,Fresno,"$1,424",-25%
92197,California,San Diego,"$1,425",-25%
92199,California,San Diego,"$1,434",-24%
95026,California,Holy City,"$1,434",-24%
92092,California,La Jolla,"$1,436",-24%
94617,California,Oakland,"$1,447",-24%
95253,California,Victor,"$1,449",-24%
92096,California,San Marcos,"$1,464",-23%
95676,California,Robbins,"$1,489",-22%
91804,California,Alhambra,"$1,499",-21%
95654,California,Martell,"$1,501",-21%
93670,California,Yettem,"$1,522",-20%
94188,California,San Francisco,"$1,532",-19%
91123,California,Pasadena,"$1,539",-19%
94143,California,San Francisco,"$1,547",-19%
93607,California,Burrel,"$1,569",-17%
95929,California,Chico,"$1,570",-17%
95644,California,Kit Carson,"$1,571",-17%
93282,California,Waukena,"$1,572",-17%
95424,California,Clearlake Park,"$1,578",-17%
92068,California,San Luis Rey,"$1,578",-17%
95913,California,Artois,"$1,589",-16%
95347,California,Moccasin,"$1,590",-16%
95613,California,Coloma,"$1,594",-16%
91743,California,Guasti,"$1,597",-16%
91758,California,Ontario,"$1,598",-16%
92799,California,Santa Ana,"$1,606",-15%
95309,California,Chinese Camp,"$1,609",-15%
95229,California,Douglas Flat,"$1,616",-15%
93237,California,Kaweah,"$1,625",-14%
95221,California,Altaville,"$1,627",-14%
95373,California,Standard,"$1,632",-14%
92862,California,Orange,"$1,638",-14%
92899,California,Anaheim,"$1,641",-14%
95656,California,Mount Aukum,"$1,643",-13%
94141,California,San Francisco,"$1,650",-13%
95972,California,Rackerby,"$1,657",-13%
93649,California,Piedra,"$1,672",-12%
92809,California,Anaheim,"$1,674",-12%
92650,California,East Irvine,"$1,674",-12%
90840,California,Long Beach,"$1,681",-11%
92697,California,Irvine,"$1,689",-11%
90833,California,Long Beach,"$1,694",-11%
90834,California,Long Beach,"$1,694",-11%
92609,California,El Toro,"$1,697",-11%
95712,California,Chicago Park,"$1,697",-11%
92521,California,Riverside,"$1,703",-10%
92403,California,San Bernardino,"$1,704",-10%
90835,California,Long Beach,"$1,705",-10%
92811,California,Atwood,"$1,715",-10%
95958,California,Nelson,"$1,740",-8%
92369,California,Patton,"$1,756",-8%
92318,California,Bryn Mawr,"$1,764",-7%
93542,California,Little Lake,"$1,767",-7%
93642,California,Mono Hot Springs,"$1,780",-6%
92878,California,Corona,"$1,781",-6%
91715,California,City Of Industry,"$1,791",-6%
91716,California,City Of Industry,"$1,791",-6%
92366,California,Mountain Pass,"$1,801",-5%
91714,California,City Of Industry,"$1,804",-5%
92323,California,Cima,"$1,806",-5%
92350,California,Loma Linda,"$1,806",-5%
95980,California,Storrie,"$1,838",-3%
96070,California,OBrien,"$1,851",-3%
96095,California,Whiskeytown,"$1,857",-2%
90261,California,Lawndale,"$1,888",-1%
90639,California,La Mirada,"$1,909",1%
92317,California,Blue Jay,"$1,910",1%
91383,California,Santa Clarita,"$1,916",1%
90311,California,Inglewood,"$1,931",2%
91023,California,Mount Wilson,"$1,941",2%
91382,California,Santa Clarita,"$1,944",2%
91610,California,Toluca Lake,"$2,053",8%
90134,California,Los Angeles,"$2,347",24%
93410,California,San Luis Obispo,"$1,164",-39%
93943,California,Monterey,"$1,292",-32%
94850,California,Richmond,"$1,332",-30%
93064,California,Brandeis,"$1,348",-29%
95680,California,Ryde,"$1,369",-28%
95234,California,Holt,"$1,438",-24%
93519,California,Cantil,"$1,597",-16%
90506,California,Torrance,"$1,606",-15%
95364,California,Pinecrest,"$1,623",-15%
95974,California,Richvale,"$1,635",-14%
95305,California,Big Oak Flat,"$1,640",-14%
95226,California,Campo Seco,"$1,640",-14%
95721,California,Echo Lake,"$1,664",-12%
91980,California,Tecate,"$1,669",-12%
93633,California,Kings Canyon National Pk,"$1,688",-11%
90831,California,Long Beach,"$1,694",-11%
95915,California,Belden,"$1,727",-9%
96061,California,Mill Creek,"$1,738",-8%
92338,California,Ludlow,"$1,808",-5%
92280,California,Vidal,"$1,834",-3%
92222,California,Bard,"$1,840",-3%
90747,California,Carson,"$1,911",1%
90079,California,Los Angeles,"$1,929",2%
91371,California,Woodland Hills,"$1,943",2%
90011,California,Los Angeles,"$1,999",5%
90650,California,Norwalk,"$1,841",-3%
91331,California,Pacoima,"$1,958",3%
90201,California,Bell Gardens,"$1,877",-1%
90044,California,Los Angeles,"$2,098",10%
92335,California,Fontana,"$1,617",-15%
92336,California,Fontana,"$1,676",-12%
94565,California,Pittsburg,"$1,360",-28%
90250,California,Hawthorne,"$1,863",-2%
90805,California,Long Beach,"$1,726",-9%
90280,California,South Gate,"$1,872",-1%
91342,California,Los Angeles,"$1,998",5%
92503,California,Riverside,"$1,647",-13%
92683,California,Westminster,"$1,543",-19%
91710,California,Chino,"$1,604",-16%
92154,California,San Diego,"$1,294",-32%
91911,California,Chula Vista,"$1,353",-29%
92804,California,Anaheim,"$1,525",-20%
92376,California,Rialto,"$1,650",-13%
93307,California,Bakersfield,"$1,440",-24%
92592,California,Temecula,"$1,638",-14%
92704,California,Santa Ana,"$1,553",-18%
93722,California,Fresno,"$1,412",-26%
94112,California,San Francisco,"$1,538",-19%
93033,California,Oxnard,"$1,230",-35%
93727,California,Fresno,"$1,409",-26%
95076,California,Watsonville,"$1,394",-27%
92345,California,Hesperia,"$1,725",-9%
91744,California,La Puente,"$1,565",-18%
92126,California,San Diego,"$1,340",-29%
91709,California,Chino Hills,"$1,599",-16%
92509,California,Rubidoux,"$1,646",-13%
91335,California,Reseda,"$2,062",9%
95823,California,Sacramento,"$1,430",-25%
95630,California,Folsom,"$1,381",-27%
94533,California,Fairfield,"$1,322",-30%
94544,California,Hayward,"$1,361",-28%
91706,California,Baldwin Park,"$1,513",-20%
90706,California,Bellflower,"$1,834",-3%
92105,California,San Diego,"$1,296",-32%
93550,California,Palmdale,"$2,224",17%
93257,California,Porterville,"$1,406",-26%
95035,California,Milpitas,"$1,258",-34%
93274,California,Tulare,"$1,355",-29%
94587,California,Union City,"$1,330",-30%
93535,California,Lancaster,"$2,186",15%
91730,California,Rancho Cucamonga,"$1,580",-17%
92882,California,Corona,"$1,713",-10%
92805,California,Anaheim,"$1,535",-19%
94536,California,Fremont,"$1,303",-31%
90255,California,Huntington Park,"$1,870",-2%
93306,California,Bakersfield,"$1,461",-23%
91910,California,Chula Vista,"$1,368",-28%
90003,California,Los Angeles,"$2,090",10%
92553,California,Moreno Valley,"$1,643",-13%
94110,California,San Francisco,"$1,547",-19%
92880,California,Eastvale,"$1,628",-14%
93065,California,Simi Valley,"$1,335",-30%
92563,California,Murrieta,"$1,623",-15%
91766,California,Pomona,"$1,948",3%
92021,California,El Cajon,"$1,392",-27%
91402,California,Panorama City,"$1,951",3%
95123,California,San Jose,"$1,238",-35%
92114,California,San Diego,"$1,345",-29%
90262,California,Lynwood,"$1,881",-1%
94509,California,Antioch,"$1,342",-29%
95687,California,Vacaville,"$1,314",-31%
93230,California,Hanford,"$1,439",-24%
90631,California,La Habra,"$1,510",-20%
93536,California,Lancaster,"$2,227",17%
95747,California,Roseville,"$1,348",-29%
92407,California,San Bernardino,"$1,812",-5%
90026,California,Los Angeles,"$2,086",10%
90037,California,Los Angeles,"$2,104",11%
94538,California,Fremont,"$1,315",-31%
94080,California,South San Francisco,"$1,297",-32%
95624,California,Elk Grove,"$1,375",-28%
94558,California,Napa,"$1,285",-32%
92703,California,Santa Ana,"$1,515",-20%
94541,California,Hayward,"$1,373",-28%
90022,California,East Los Angeles,"$1,941",2%
95758,California,Elk Grove,"$1,365",-28%
92801,California,Anaheim,"$1,531",-19%
95206,California,Stockton,"$1,434",-24%
92677,California,Laguna Niguel,"$1,702",-10%
94513,California,Brentwood,"$1,348",-29%
91343,California,North Hills,"$1,995",5%
94015,California,Daly City,"$1,280",-33%
92562,California,Murrieta,"$1,687",-11%
92201,California,Indio,"$1,647",-13%
94501,California,Alameda,"$1,383",-27%
91762,California,Ontario,"$1,533",-19%
92115,California,San Diego,"$1,314",-31%
93906,California,Salinas,"$1,260",-34%
94806,California,San Pablo,"$1,346",-29%
95020,California,Gilroy,"$1,314",-31%
92346,California,Highland,"$1,664",-12%
91977,California,La Presa,"$1,371",-28%
92404,California,San Bernardino,"$1,739",-8%
95127,California,San Jose,"$1,309",-31%
91770,California,Rosemead,"$1,471",-23%
90640,California,Montebello,"$1,624",-14%
90019,California,Los Angeles,"$2,100",11%
91950,California,National City,"$1,331",-30%
92707,California,Santa Ana,"$1,531",-19%
90660,California,Pico Rivera,"$1,618",-15%
92627,California,Costa Mesa,"$1,545",-19%
92504,California,Riverside,"$1,642",-14%
95608,California,Carmichael,"$1,391",-27%
93905,California,Salinas,"$1,253",-34%
95014,California,Cupertino,"$1,215",-36%
92647,California,Huntington Beach,"$1,548",-18%
91702,California,Azusa,"$1,553",-18%
94122,California,San Francisco,"$1,528",-20%
95111,California,San Jose,"$1,274",-33%
90004,California,Los Angeles,"$1,987",5%
91732,California,El Monte,"$1,499",-21%
91761,California,Ontario,"$1,588",-16%
90731,California,Los Angeles,"$1,600",-16%
92630,California,Lake Forest,"$1,661",-13%
90042,California,Los Angeles,"$1,981",4%
92570,California,Perris,"$1,836",-3%
95112,California,San Jose,"$1,282",-32%
93030,California,Oxnard,"$1,227",-35%
92324,California,Colton,"$1,635",-14%
92507,California,Riverside,"$1,672",-12%
92571,California,Perris,"$1,695",-11%
93117,California,Goleta,"$1,265",-33%
95355,California,Modesto,"$1,325",-30%
95051,California,Santa Clara,"$1,180",-38%
93312,California,Bakersfield,"$1,427",-25%
92057,California,Oceanside,"$1,381",-27%
95828,California,Florin,"$1,415",-25%
90001,California,Florence-Graham,"$2,090",10%
90066,California,Los Angeles,"$1,747",-8%
93309,California,Bakersfield,"$1,431",-25%
92780,California,Tustin,"$1,539",-19%
92117,California,San Diego,"$1,322",-30%
90006,California,Los Angeles,"$2,103",11%
93291,California,Visalia,"$1,352",-29%
92113,California,San Diego,"$1,305",-31%
92020,California,El Cajon,"$1,378",-27%
94568,California,Dublin,"$1,236",-35%
91764,California,Ontario,"$1,576",-17%
92027,California,Escondido,"$1,497",-21%
95670,California,Rancho Cordova,"$1,370",-28%
92071,California,Santee,"$1,403",-26%
93313,California,Bakersfield,"$1,414",-26%
94087,California,Sunnyvale,"$1,186",-38%
92392,California,Victorville,"$1,700",-10%
92223,California,Beaumont,"$1,756",-8%
91405,California,Van Nuys,"$1,952",3%
92708,California,Fountain Valley,"$1,569",-17%
92130,California,San Diego,"$1,371",-28%
90813,California,Long Beach,"$1,736",-9%
92129,California,San Diego,"$1,389",-27%
93458,California,Santa Maria,"$1,206",-36%
92646,California,Huntington Beach,"$1,592",-16%
90744,California,Wilmington,"$1,642",-14%
92530,California,Lake Elsinore,"$1,771",-7%
90034,California,Los Angeles,"$1,897",0%
94591,California,Vallejo,"$1,342",-29%
93063,California,Simi Valley,"$1,349",-29%
94109,California,San Francisco,"$1,524",-20%
93436,California,Lompoc,"$1,282",-32%
91344,California,Granada Hills,"$2,061",9%
93215,California,Delano,"$1,550",-18%
95122,California,San Jose,"$1,318",-31%
90745,California,Carson,"$1,809",-5%
91745,California,Hacienda Heights,"$1,555",-18%
95376,California,Tracy,"$1,424",-25%
93308,California,Oildale,"$1,427",-25%
92399,California,Yucaipa,"$1,729",-9%
94539,California,Fremont,"$1,325",-30%
92234,California,Cathedral City,"$1,720",-9%
92701,California,Santa Ana,"$1,530",-19%
95116,California,San Jose,"$1,318",-31%
92505,California,Riverside,"$1,640",-14%
92618,California,Irvine,"$1,575",-17%
92840,California,Garden Grove,"$1,528",-20%
91406,California,Van Nuys,"$1,965",3%
92557,California,Moreno Valley,"$1,677",-12%
95023,California,Hollister,"$1,333",-30%
91786,California,Upland,"$1,530",-19%
91801,California,Alhambra,"$1,483",-22%
92584,California,Menifee,"$1,601",-16%
95125,California,San Jose,"$1,211",-36%
95350,California,Modesto,"$1,326",-30%
90723,California,Paramount,"$1,872",-1%
90063,California,East Los Angeles,"$2,071",9%
95616,California,Davis,"$1,362",-28%
91304,California,Los Angeles,"$2,082",10%
90002,California,Los Angeles,"$2,087",10%
92870,California,Placentia,"$1,587",-16%
92056,California,Oceanside,"$1,390",-27%
93277,California,Visalia,"$1,339",-29%
94601,California,Oakland,"$1,547",-19%
92078,California,San Marcos,"$1,431",-25%
95648,California,Lincoln,"$1,343",-29%
94550,California,Livermore,"$1,215",-36%
92833,California,Fullerton,"$1,523",-20%
90018,California,Los Angeles,"$2,105",11%
91605,California,North Hollywood,"$1,985",5%
92025,California,Escondido,"$1,467",-23%
92128,California,San Diego,"$1,383",-27%
90024,California,Los Angeles,"$1,976",4%
95124,California,San Jose,"$1,204",-37%
95037,California,Morgan Hill,"$1,361",-28%
92656,California,Aliso Viejo,"$1,699",-11%
95757,California,Elk Grove,"$1,357",-29%
95207,California,Stockton,"$1,410",-26%
93003,California,San Buenaventura (Ventura),"$1,221",-36%
93638,California,Madera,"$1,510",-20%
92886,California,Yorba Linda,"$1,598",-16%
90047,California,Los Angeles,"$2,108",11%
91913,California,Chula Vista,"$1,381",-27%
90220,California,Compton,"$2,015",6%
92024,California,Encinitas,"$1,356",-29%
92626,California,Costa Mesa,"$1,568",-17%
93551,California,Palmdale,"$2,288",20%
90221,California,Compton,"$2,002",5%
91767,California,Pomona,"$1,927",1%
92026,California,Escondido,"$1,470",-23%
92544,California,East Hemet,"$1,610",-15%
91306,California,Winnetka,"$2,049",8%
92084,California,Vista,"$1,396",-26%
92243,California,El Centro,"$1,673",-12%
92127,California,San Diego,"$1,372",-28%
92691,California,Mission Viejo,"$1,707",-10%
92111,California,San Diego,"$1,311",-31%
90046,California,Los Angeles,"$2,162",14%
94553,California,Martinez,"$1,373",-28%
90057,California,Los Angeles,"$2,086",10%
92064,California,Poway,"$1,439",-24%
90033,California,Los Angeles,"$2,069",9%
90703,California,Cerritos,"$1,835",-3%
94014,California,Daly City,"$1,285",-32%
92879,California,Corona,"$1,636",-14%
95240,California,Lodi,"$1,423",-25%
90630,California,Cypress,"$1,548",-18%
94086,California,Sunnyvale,"$1,189",-37%
95060,California,Santa Cruz,"$1,403",-26%
95351,California,Modesto,"$1,342",-29%
92028,California,Fallbrook,"$1,537",-19%
90638,California,La Mirada,"$1,879",-1%
95148,California,San Jose,"$1,292",-32%
93611,California,Clovis,"$1,380",-27%
94577,California,San Leandro,"$1,363",-28%
95136,California,San Jose,"$1,225",-35%
92620,California,Irvine,"$1,557",-18%
94551,California,Livermore,"$1,235",-35%
94560,California,Newark,"$1,312",-31%
92069,California,San Marcos,"$1,420",-25%
95843,California,Antelope,"$1,411",-26%
95008,California,Campbell,"$1,186",-38%
90032,California,Los Angeles,"$2,061",9%
92122,California,San Diego,"$1,338",-30%
94303,California,East Palo Alto,"$1,243",-35%
92843,California,Garden Grove,"$1,531",-19%
92692,California,Mission Viejo,"$1,713",-10%
90247,California,Gardena,"$1,864",-2%
90025,California,Los Angeles,"$1,945",2%
90065,California,Los Angeles,"$2,004",6%
95336,California,Manteca,"$1,403",-26%
95307,California,Ceres,"$1,319",-31%
93036,California,Oxnard,"$1,224",-36%
92705,California,Santa Ana,"$1,573",-17%
92058,California,Oceanside,"$1,446",-24%
95610,California,Citrus Heights,"$1,405",-26%
93304,California,Bakersfield,"$1,417",-25%
92009,California,Carlsbad,"$1,387",-27%
92109,California,San Diego,"$1,291",-32%
93720,California,Fresno,"$1,387",-27%
91748,California,Rowland Heights,"$1,606",-15%
93311,California,Bakersfield,"$1,417",-25%
94116,California,San Francisco,"$1,525",-20%
92555,California,Moreno Valley,"$1,738",-8%
90023,California,Los Angeles,"$2,082",10%
93010,California,Camarillo,"$1,247",-34%
90043,California,Los Angeles,"$2,112",11%
90016,California,Los Angeles,"$2,109",11%
91765,California,Diamond Bar,"$1,974",4%
90620,California,Buena Park,"$1,543",-19%
91352,California,Sun Valley,"$1,949",3%
90027,California,Los Angeles,"$2,012",6%
92236,California,Coachella,"$1,700",-10%
92506,California,Riverside,"$1,638",-14%
92395,California,Victorville,"$1,672",-12%
92104,California,San Diego,"$1,284",-32%
92040,California,Lakeside,"$1,484",-22%
92648,California,Huntington Beach,"$1,550",-18%
93455,California,Orcutt,"$1,206",-36%
95822,California,Sacramento,"$1,398",-26%
94546,California,Castro Valley,"$1,352",-29%
91367,California,Woodland Hills,"$1,930",2%
94566,California,Pleasanton,"$1,234",-35%
91606,California,North Hollywood,"$1,981",4%
93446,California,Paso Robles,"$1,174",-38%
91733,California,El Monte,"$1,496",-21%
94582,California,San Ramon,"$1,353",-29%
95403,California,Santa Rosa,"$1,204",-37%
92410,California,San Bernardino,"$1,715",-10%
91320,California,Thousand Oaks,"$1,291",-32%
91790,California,West Covina,"$1,602",-16%
92688,California,Rancho Santa Margarita,"$1,709",-10%
94066,California,San Bruno,"$1,278",-33%
92867,California,Orange,"$1,562",-18%
92019,California,Rancho San Diego,"$1,396",-26%
94403,California,San Mateo,"$1,243",-35%
90503,California,Torrance,"$1,564",-18%
95209,California,Stockton,"$1,407",-26%
92545,California,Hemet,"$1,598",-16%
96003,California,Redding,"$1,772",-7%
92374,California,Redlands,"$1,620",-15%
92802,California,Anaheim,"$1,528",-20%
94025,California,Menlo Park,"$1,253",-34%
95380,California,Turlock,"$1,283",-32%
94928,California,Rohnert Park,"$1,175",-38%
94121,California,San Francisco,"$1,517",-20%
93702,California,Fresno,"$1,474",-22%
91789,California,Walnut,"$1,632",-14%
94117,California,San Francisco,"$1,537",-19%
95762,California,El Dorado Hills,"$1,461",-23%
94134,California,San Francisco,"$1,552",-18%
94605,California,Oakland,"$1,523",-20%
95831,California,Sacramento,"$1,365",-28%
95678,California,Roseville,"$1,349",-29%
94561,California,Oakley,"$1,313",-31%
93619,California,Clovis,"$1,431",-25%
93726,California,Fresno,"$1,472",-22%
94521,California,Concord,"$1,329",-30%
95407,California,Santa Rosa,"$1,197",-37%
93292,California,Visalia,"$1,352",-29%
90241,California,Downey,"$1,855",-2%
95132,California,San Jose,"$1,285",-32%
91360,California,Thousand Oaks,"$1,316",-31%
94578,California,San Leandro,"$1,360",-28%
94010,California,Burlingame,"$1,264",-33%
92101,California,San Diego,"$1,307",-31%
92102,California,San Diego,"$1,303",-31%
90007,California,Los Angeles,"$2,098",10%
92308,California,Apple Valley,"$1,670",-12%
90059,California,Los Angeles,"$2,082",10%
90501,California,Torrance,"$1,564",-18%
94531,California,Antioch,"$1,346",-29%
90815,California,Long Beach,"$1,682",-11%
91311,California,Los Angeles,"$1,976",4%
95621,California,Citrus Heights,"$1,410",-26%
90275,California,Rancho Palos Verdes,"$1,638",-14%
90242,California,Downey,"$1,866",-2%
95210,California,Stockton,"$1,429",-25%
92591,California,Temecula,"$1,611",-15%
91016,California,Monrovia,"$1,525",-20%
92253,California,La Quinta,"$1,647",-13%
93635,California,Los Banos,"$1,351",-29%
93706,California,Fresno,"$1,483",-22%
94804,California,Richmond,"$1,365",-28%
95926,California,Chico,"$1,501",-21%
90806,California,Long Beach,"$1,704",-10%
94118,California,San Francisco,"$1,526",-20%
94901,California,San Rafael,"$1,294",-32%
90605,California,South Whittier,"$1,639",-14%
91387,California,Canyon Country,"$1,978",4%
93637,California,Madera,"$1,516",-20%
95628,California,Fair Oaks,"$1,386",-27%
95991,California,Yuba City,"$1,468",-23%
91942,California,La Mesa,"$1,357",-29%
92054,California,Oceanside,"$1,398",-26%
95337,California,Manteca,"$1,382",-27%
93454,California,Santa Maria,"$1,181",-38%
90604,California,South Whittier,"$1,616",-15%
91401,California,Van Nuys,"$2,008",6%
95833,California,Sacramento,"$1,402",-26%
95695,California,Woodland,"$1,364",-28%
95129,California,San Jose,"$1,200",-37%
92806,California,Anaheim,"$1,548",-18%
90278,California,Redondo Beach,"$1,585",-17%
95838,California,Sacramento,"$1,411",-26%
95765,California,Rocklin,"$1,349",-29%
91701,California,Rancho Cucamonga,"$1,590",-16%
95301,California,Atwater,"$1,315",-31%
92231,California,Calexico,"$1,728",-9%
92675,California,San Juan Capistrano,"$1,676",-12%
93534,California,Lancaster,"$2,184",15%
90045,California,Los Angeles,"$1,756",-8%
93552,California,Palmdale,"$2,226",17%
90808,California,Long Beach,"$1,656",-13%
92337,California,Fontana,"$1,612",-15%
91763,California,Montclair,"$1,539",-19%
90031,California,Los Angeles,"$2,070",9%
95835,California,Sacramento,"$1,396",-26%
90020,California,Los Angeles,"$1,975",4%
91739,California,Rancho Cucamonga,"$1,624",-14%
90301,California,Inglewood,"$1,974",4%
92083,California,Vista,"$1,387",-27%
95826,California,Rosemont,"$1,404",-26%
95691,California,West Sacramento,"$1,366",-28%
90802,California,Long Beach,"$1,710",-10%
92821,California,Brea,"$1,597",-16%
92706,California,Santa Ana,"$1,527",-20%
94611,California,Oakland,"$1,430",-25%
94954,California,Petaluma,"$1,207",-36%
90005,California,Los Angeles,"$2,116",11%
95050,California,Santa Clara,"$1,194",-37%
95401,California,Santa Rosa,"$1,177",-38%
92307,California,Apple Valley,"$1,655",-13%
94520,California,Concord,"$1,324",-30%
93305,California,Bakersfield,"$1,422",-25%
93711,California,Fresno,"$1,402",-26%
94044,California,Pacifica,"$1,284",-32%
91776,California,San Gabriel,"$1,470",-23%
95928,California,Chico,"$1,516",-20%
91350,California,Santa Clarita,"$1,915",1%
94583,California,San Ramon,"$1,344",-29%
92508,California,Riverside,"$1,644",-13%
94534,California,Fairfield,"$1,304",-31%
95404,California,Santa Rosa,"$1,195",-37%
93245,California,Lemoore,"$1,452",-24%
92037,California,La Jolla,"$1,338",-30%
95121,California,San Jose,"$1,282",-32%
93021,California,Moorpark,"$1,303",-31%
95120,California,San Jose,"$1,256",-34%
94061,California,Redwood City,"$1,253",-34%
90804,California,Long Beach,"$1,700",-10%
95688,California,Vacaville,"$1,345",-29%
90036,California,Los Angeles,"$2,008",6%
95382,California,Turlock,"$1,289",-32%
94555,California,Fremont,"$1,316",-31%
91104,California,Pasadena,"$1,562",-18%
95993,California,Yuba City,"$1,495",-21%
94606,California,Oakland,"$1,522",-20%
91205,California,Glendale,"$1,748",-8%
92543,California,Hemet,"$1,594",-16%
94590,California,Vallejo,"$1,327",-30%
95825,California,Arden-Arcade,"$1,382",-27%
90012,California,Los Angeles,"$2,072",9%
91340,California,San Fernando,"$1,949",3%
95476,California,Sonoma,"$1,215",-36%
95205,California,Stockton,"$1,425",-25%
91362,California,Thousand Oaks,"$1,360",-28%
95126,California,San Jose,"$1,239",-35%
95660,California,North Highlands,"$1,410",-26%
90505,California,Torrance,"$1,576",-17%
91001,California,Altadena,"$1,608",-15%
90810,California,Long Beach,"$1,755",-8%
90049,California,Los Angeles,"$2,050",8%
92883,California,Temescal Valley,"$1,766",-7%
93657,California,Sanger,"$1,559",-18%
92065,California,Ramona,"$1,568",-17%
95821,California,Arden-Arcade,"$1,394",-27%
95062,California,Live Oak,"$1,361",-28%
95340,California,Merced,"$1,338",-30%
93705,California,Fresno,"$1,418",-25%
94588,California,Pleasanton,"$1,213",-36%
93405,California,San Luis Obispo,"$1,169",-38%
94124,California,San Francisco,"$1,555",-18%
92869,California,Orange,"$1,596",-16%
95973,California,Chico,"$1,510",-20%
91711,California,Claremont,"$1,955",3%
92240,California,Desert Hot Springs,"$1,752",-8%
92831,California,Fullerton,"$1,549",-18%
92139,California,San Diego,"$1,295",-32%
90029,California,Los Angeles,"$2,010",6%
91326,California,Porter Ranch,"$2,055",8%
94063,California,Redwood City,"$1,249",-34%
91752,California,Mira Loma,"$1,656",-13%
94404,California,Foster City,"$1,255",-34%
92807,California,Anaheim,"$1,612",-15%
95128,California,San Jose,"$1,237",-35%
90062,California,Los Angeles,"$2,116",11%
92649,California,Huntington Beach,"$1,553",-18%
93012,California,Camarillo,"$1,267",-33%
91768,California,Pomona,"$1,932",2%
94603,California,Oakland,"$1,579",-17%
93612,California,Clovis,"$1,386",-27%
95667,California,Placerville,"$1,579",-17%
90621,California,Buena Park,"$1,549",-18%
92660,California,Newport Beach,"$1,586",-16%
91601,California,North Hollywood,"$1,928",2%
94952,California,Petaluma,"$1,197",-37%
95901,California,Marysville,"$1,477",-22%
95820,California,Sacramento,"$1,406",-26%
93561,California,Tehachapi,"$1,609",-15%
94114,California,San Francisco,"$1,550",-18%
90266,California,Manhattan Beach,"$1,578",-17%
94401,California,San Mateo,"$1,247",-34%
91722,California,Covina,"$1,604",-16%
94523,California,Pleasant Hill,"$1,326",-30%
92131,California,San Diego,"$1,380",-27%
91780,California,Temple City,"$1,463",-23%
92394,California,Victorville,"$1,675",-12%
94040,California,Mountain View,"$1,184",-38%
92301,California,Adelanto,"$1,743",-8%
93955,California,Seaside,"$1,295",-32%
92596,California,French Valley,"$1,638",-14%
92672,California,San Clemente,"$1,659",-13%
91325,California,Northridge,"$2,027",7%
95361,California,Oakdale,"$1,334",-30%
92260,California,Palm Desert,"$1,652",-13%
90222,California,Willowbrook,"$2,001",5%
90260,California,Lawndale,"$1,861",-2%
90277,California,Redondo Beach,"$1,588",-16%
91750,California,La Verne,"$1,918",1%
92551,California,Moreno Valley,"$1,667",-12%
91321,California,Santa Clarita,"$1,963",3%
95348,California,Merced,"$1,343",-29%
92103,California,San Diego,"$1,289",-32%
93710,California,Fresno,"$1,407",-26%
92123,California,San Diego,"$1,305",-31%
95341,California,Merced,"$1,338",-30%
92595,California,Wildomar,"$1,754",-8%
91604,California,Studio City,"$2,023",7%
96001,California,Redding,"$1,771",-7%
93422,California,Atascadero,"$1,215",-36%
91915,California,Chula Vista,"$1,381",-27%
92841,California,Garden Grove,"$1,520",-20%
96002,California,Redding,"$1,757",-7%
93555,California,Ridgecrest,"$1,412",-26%
94115,California,San Francisco,"$1,511",-20%
91007,California,Arcadia,"$1,463",-23%
94621,California,Oakland,"$1,579",-17%
93060,California,Santa Paula,"$1,268",-33%
91206,California,Glendale,"$1,817",-4%
94526,California,Danville,"$1,353",-29%
91773,California,San Dimas,"$1,670",-12%
91107,California,Pasadena,"$1,561",-18%
92220,California,Banning,"$1,788",-6%
91754,California,Monterey Park,"$1,463",-23%
91791,California,West Covina,"$1,627",-14%
95842,California,Foothill Farms,"$1,421",-25%
94102,California,San Francisco,"$1,516",-20%
90230,California,Culver City,"$1,837",-3%
91941,California,La Mesa,"$1,370",-28%
91354,California,Santa Clarita,"$1,913",1%
91423,California,Sherman Oaks,"$2,028",7%
92679,California,Coto De Caza,"$1,735",-9%
95118,California,San Jose,"$1,214",-36%
92124,California,San Diego,"$1,338",-30%
94941,California,Mill Valley,"$1,421",-25%
90504,California,Torrance,"$1,561",-18%
93940,California,Monterey,"$1,281",-33%
90807,California,Long Beach,"$1,666",-12%
92881,California,Corona,"$1,652",-13%
93101,California,Santa Barbara,"$1,268",-33%
90606,California,West Whittier-Los Nietos,"$1,620",-15%
92311,California,Barstow,"$1,732",-9%
95377,California,Tracy,"$1,439",-24%
95358,California,Modesto,"$1,330",-30%
94545,California,Hayward,"$1,360",-28%
91006,California,Arcadia,"$1,485",-22%
92373,California,Redlands,"$1,673",-12%
95356,California,Modesto,"$1,319",-31%
95662,California,Orangevale,"$1,383",-27%
92116,California,San Diego,"$1,307",-31%
92203,California,Indio,"$1,653",-13%
90803,California,Long Beach,"$1,727",-9%
93703,California,Fresno,"$1,477",-22%
95131,California,San Jose,"$1,244",-34%
92583,California,San Jacinto,"$1,663",-12%
92612,California,Irvine,"$1,585",-17%
95632,California,Galt,"$1,364",-28%
94043,California,Mountain View,"$1,193",-37%
93618,California,Dinuba,"$1,397",-26%
90008,California,Los Angeles,"$2,127",12%
95661,California,Roseville,"$1,389",-27%
93001,California,San Buenaventura (Ventura),"$1,237",-35%
95482,California,Ukiah,"$1,552",-18%
95117,California,San Jose,"$1,233",-35%
91214,California,La Crescenta,"$1,776",-6%
92107,California,San Diego,"$1,309",-31%
94103,California,San Francisco,"$1,535",-19%
94608,California,Oakland,"$1,492",-21%
94610,California,Oakland,"$1,466",-23%
94801,California,Richmond,"$1,333",-30%
95070,California,Saratoga,"$1,239",-35%
90028,California,Los Angeles,"$2,033",7%
93004,California,San Buenaventura (Ventura),"$1,222",-36%
92173,California,San Ysidro,"$1,323",-30%
91505,California,Burbank,"$1,863",-2%
95834,California,Sacramento,"$1,392",-27%
91607,California,Valley Village,"$1,995",5%
91303,California,Canoga Park,"$1,924",1%
96080,California,Red Bluff,"$1,689",-11%
91324,California,Northridge,"$1,969",4%
90680,California,Stanton,"$1,530",-19%
93314,California,Rosedale,"$1,486",-22%
93654,California,Reedley,"$1,527",-20%
92405,California,San Bernardino,"$1,641",-14%
90712,California,Lakewood,"$1,812",-5%
91351,California,Santa Clarita,"$1,964",3%
91356,California,Tarzana,"$2,127",12%
92673,California,San Clemente,"$1,700",-10%
90601,California,Whittier,"$1,656",-13%
95134,California,San Jose,"$1,214",-36%
94131,California,San Francisco,"$1,537",-19%
93662,California,Selma,"$1,483",-22%
94132,California,San Francisco,"$1,520",-20%
92081,California,Vista,"$1,403",-26%
94070,California,San Carlos,"$1,246",-34%
91316,California,Encino,"$2,137",13%
96150,California,South Lake Tahoe,"$1,541",-19%
91731,California,El Monte,"$1,472",-22%
95824,California,Sacramento,"$1,411",-26%
94589,California,Vallejo,"$1,323",-30%
94903,California,San Rafael,"$1,301",-31%
91803,California,Alhambra,"$1,491",-21%
92653,California,Laguna Hills,"$1,688",-11%
92110,California,San Diego,"$1,288",-32%
90039,California,Los Angeles,"$1,970",4%
95603,California,Auburn,"$1,502",-21%
93420,California,Arroyo Grande,"$1,155",-39%
90041,California,Los Angeles,"$2,016",6%
91746,California,West Puente Valley,"$1,529",-19%
91792,California,West Covina,"$1,647",-13%
92120,California,San Diego,"$1,353",-29%
94107,California,San Francisco,"$1,536",-19%
95472,California,Sebastopol,"$1,219",-36%
94580,California,San Lorenzo,"$1,347",-29%
94602,California,Oakland,"$1,492",-21%
95682,California,Cameron Park,"$1,492",-21%
94704,California,Berkeley,"$1,450",-24%
95492,California,Windsor,"$1,218",-36%
95966,California,Oroville East,"$1,672",-12%
91355,California,Valencia,"$1,898",0%
90302,California,Inglewood,"$1,978",4%
94585,California,Suisun City,"$1,332",-30%
94549,California,Lafayette,"$1,349",-29%
93704,California,Fresno,"$1,477",-22%
92316,California,Bloomington,"$1,632",-14%
95219,California,Stockton,"$1,423",-25%
95829,California,Vineyard,"$1,399",-26%
95961,California,Olivehurst,"$1,486",-22%
95204,California,Stockton,"$1,406",-26%
94518,California,Concord,"$1,313",-31%
91384,California,Castaic,"$1,971",4%
90061,California,Los Angeles,"$2,070",9%
93401,California,San Luis Obispo,"$1,140",-40%
90038,California,Los Angeles,"$2,027",7%
90710,California,Harbor City,"$1,582",-17%
92262,California,Palm Springs,"$1,787",-6%
93035,California,Oxnard,"$1,224",-36%
91364,California,Woodland Hills,"$1,978",4%
93280,California,Wasco,"$1,558",-18%
95363,California,Patterson,"$1,365",-28%
92604,California,Irvine,"$1,555",-18%
95370,California,Sonora,"$1,608",-15%
94510,California,Benicia,"$1,306",-31%
95212,California,Stockton,"$1,428",-25%
95133,California,San Jose,"$1,248",-34%
93901,California,Salinas,"$1,237",-35%
91504,California,Burbank,"$1,882",-1%
90713,California,Lakewood,"$1,816",-4%
94062,California,Redwood City,"$1,301",-31%
90017,California,Los Angeles,"$1,961",3%
90035,California,Los Angeles,"$1,938",2%
94306,California,Palo Alto,"$1,192",-37%
94559,California,Napa,"$1,262",-34%
90291,California,Venice,"$1,781",-6%
91724,California,Covina,"$1,639",-14%
90405,California,Santa Monica,"$1,823",-4%
92614,California,Irvine,"$1,568",-17%
90746,California,Carson,"$1,891",0%
92606,California,Irvine,"$1,554",-18%
95242,California,Lodi,"$1,384",-27%
91755,California,Monterey Park,"$1,471",-23%
95618,California,Davis,"$1,370",-28%
92860,California,Norco,"$1,680",-12%
93725,California,Fresno,"$1,484",-22%
92227,California,Brawley,"$1,690",-11%
94506,California,Blackhawk,"$1,403",-26%
90270,California,Maywood,"$1,862",-2%
92008,California,Carlsbad,"$1,357",-29%
92629,California,Dana Point,"$1,686",-11%
93960,California,Soledad,"$1,339",-29%
94002,California,Belmont,"$1,262",-34%
91302,California,Calabasas,"$1,952",3%
93105,California,Santa Barbara,"$1,341",-29%
94133,California,San Francisco,"$1,510",-20%
91945,California,Lemon Grove,"$1,358",-28%
95677,California,Rocklin,"$1,357",-29%
91103,California,Pasadena,"$1,581",-17%
90240,California,Downey,"$1,856",-2%
95409,California,Santa Rosa,"$1,207",-36%
92694,California,Ladera Ranch,"$1,755",-8%
94598,California,Walnut Creek,"$1,329",-30%
91042,California,Tujunga,"$1,994",5%
90304,California,Lennox,"$1,963",3%
92868,California,Orange,"$1,526",-20%
91010,California,Duarte,"$1,589",-16%
92411,California,San Bernardino,"$1,648",-13%
91932,California,Imperial Beach,"$1,339",-29%
91784,California,Upland,"$1,543",-19%
95945,California,Grass Valley,"$1,700",-10%
90249,California,Gardena,"$1,867",-2%
92835,California,Fullerton,"$1,565",-18%
91740,California,Glendora,"$1,622",-15%
94547,California,Hercules,"$1,336",-30%
94123,California,San Francisco,"$1,495",-21%
91741,California,Glendora,"$1,649",-13%
94803,California,Richmond,"$1,339",-29%
91301,California,Agoura Hills,"$1,785",-6%
90064,California,Los Angeles,"$1,892",0%
94402,California,San Mateo,"$1,261",-34%
95815,California,Sacramento,"$1,421",-25%
94530,California,El Cerrito,"$1,325",-30%
92832,California,Fullerton,"$1,524",-20%
95032,California,Los Gatos,"$1,222",-36%
91403,California,Sherman Oaks,"$2,098",10%
94947,California,Novato,"$1,342",-29%
91307,California,Los Angeles,"$2,084",10%
92284,California,Yucca Valley,"$1,746",-8%
94607,California,Oakland,"$1,522",-20%
92211,California,Palm Desert,"$1,685",-11%
91030,California,South Pasadena,"$1,565",-18%
95215,California,Garden Acres,"$1,431",-25%
90602,California,Whittier,"$1,648",-13%
92532,California,Lake Elsinore,"$1,716",-10%
95003,California,Rio del Mar,"$1,387",-27%
91106,California,Pasadena,"$1,583",-17%
93933,California,Marina,"$1,289",-32%
95864,California,Arden-Arcade,"$1,415",-25%
95367,California,Riverbank,"$1,335",-30%
92119,California,San Diego,"$1,360",-28%
91411,California,Van Nuys,"$2,016",6%
92011,California,Carlsbad,"$1,379",-27%
94619,California,Oakland,"$1,508",-21%
95503,California,Eureka,"$1,380",-27%
90274,California,Palos Verdes Estates,"$1,636",-14%
91775,California,East San Gabriel,"$1,467",-23%
95354,California,Modesto,"$1,352",-29%
92277,California,Twentynine Palms,"$1,650",-13%
90403,California,Santa Monica,"$1,874",-1%
93907,California,Prunedale,"$1,274",-33%
92251,California,Imperial,"$1,675",-12%
95776,California,Woodland,"$1,367",-28%
90740,California,Seal Beach,"$1,497",-21%
93041,California,Port Hueneme,"$1,242",-35%
95330,California,Lathrop,"$1,407",-26%
91737,California,Rancho Cucamonga,"$1,638",-14%
95531,California,Crescent City,"$1,420",-25%
90303,California,Inglewood,"$1,989",5%
95054,California,Santa Clara,"$1,191",-37%
95501,California,Eureka,"$1,370",-28%
90292,California,Los Angeles,"$1,763",-7%
90015,California,Los Angeles,"$2,100",11%
92585,California,Sun City,"$1,661",-13%
92651,California,Laguna Beach,"$1,624",-14%
94609,California,Oakland,"$1,524",-20%
94024,California,Los Altos,"$1,191",-37%
96007,California,Anderson,"$1,712",-10%
94085,California,Sunnyvale,"$1,194",-37%
92118,California,Coronado,"$1,288",-32%
91202,California,Glendale,"$1,836",-3%
93610,California,Chowchilla,"$1,550",-18%
94597,California,Walnut Creek,"$1,352",-29%
95746,California,Granite Bay,"$1,374",-28%
92782,California,Tustin,"$1,567",-17%
90404,California,Santa Monica,"$1,846",-3%
94089,California,Sunnyvale,"$1,195",-37%
94030,California,Millbrae,"$1,270",-33%
90720,California,Rossmoor,"$1,579",-17%
92354,California,Loma Linda,"$1,692",-11%
95405,California,Santa Rosa,"$1,197",-37%
91201,California,Glendale,"$1,794",-6%
92663,California,Newport Beach,"$1,592",-16%
92844,California,Garden Grove,"$1,525",-20%
93212,California,Corcoran,"$1,470",-23%
90732,California,Los Angeles,"$1,592",-16%
93203,California,Arvin,"$1,466",-23%
92225,California,Blythe,"$1,741",-8%
95135,California,San Jose,"$1,309",-31%
92344,California,Hesperia,"$1,783",-6%
93444,California,Nipomo,"$1,183",-38%
95620,California,Dixon,"$1,263",-33%
94596,California,Walnut Creek,"$1,330",-30%
92501,California,Riverside,"$1,644",-13%
94703,California,Berkeley,"$1,508",-21%
91101,California,Pasadena,"$1,573",-17%
93263,California,Shafter,"$1,536",-19%
90272,California,Pacific Palisades,"$2,041",7%
92808,California,Anaheim,"$1,702",-10%
90048,California,Los Angeles,"$2,070",9%
92602,California,Irvine,"$1,568",-17%
90068,California,Los Angeles,"$2,088",10%
94579,California,San Leandro,"$1,341",-29%
95391,California,Mountain House,"$1,379",-27%
95818,California,Sacramento,"$1,386",-27%
94706,California,Albany,"$1,380",-27%
95827,California,Rancho Cordova,"$1,388",-27%
95521,California,Arcata,"$1,373",-28%
92108,California,San Diego,"$1,300",-32%
93023,California,Ojai,"$1,309",-31%
92865,California,Orange,"$1,552",-18%
93560,California,Rosamond,"$1,473",-22%
90717,California,Lomita,"$1,583",-17%
92264,California,Palm Springs,"$1,777",-6%
92371,California,Phelan,"$1,932",2%
90603,California,Whittier,"$1,643",-13%
95949,California,Grass Valley,"$1,724",-9%
93630,California,Kerman,"$1,488",-22%
95965,California,Oroville,"$1,684",-11%
92377,California,Rialto,"$1,682",-11%
91040,California,Sunland,"$1,981",4%
95138,California,San Jose,"$1,301",-31%
92106,California,San Diego,"$1,295",-32%
93103,California,Santa Barbara,"$1,339",-29%
90715,California,Lakewood,"$1,843",-3%
94127,California,San Francisco,"$1,537",-19%
95819,California,Sacramento,"$1,379",-27%
91602,California,North Hollywood,"$1,957",3%
94519,California,Concord,"$1,314",-31%
94503,California,American Canyon,"$1,275",-33%
94019,California,Half Moon Bay,"$1,270",-33%
92603,California,Irvine,"$1,572",-17%
91011,California,La Canada Flintridge,"$1,694",-11%
95841,California,North Highlands,"$1,404",-26%
90069,California,West Hollywood,"$2,129",12%
95110,California,San Jose,"$1,275",-33%
91361,California,Thousand Oaks,"$1,456",-23%
96130,California,Susanville,"$1,795",-5%
94022,California,Los Altos,"$1,203",-37%
91381,California,Stevenson Ranch,"$1,938",2%
92082,California,Valley Center,"$1,589",-16%
91501,California,Burbank,"$1,901",0%
92887,California,Yorba Linda,"$1,664",-12%
92029,California,Escondido,"$1,517",-20%
94563,California,Orinda,"$1,371",-28%
90210,California,Beverly Hills,"$2,309",22%
94564,California,Pinole,"$1,316",-31%
90254,California,Hermosa Beach,"$1,588",-16%
95969,California,Paradise,"$1,702",-10%
91390,California,Santa Clarita,"$1,985",5%
91204,California,Glendale,"$1,769",-7%
95519,California,McKinleyville,"$1,376",-28%
91345,California,Los Angeles,"$1,935",2%
96161,California,Truckee,"$1,670",-12%
95366,California,Ripon,"$1,379",-27%
90814,California,Long Beach,"$1,715",-10%
92586,California,Sun City,"$1,593",-16%
95602,California,Auburn,"$1,515",-20%
92270,California,Rancho Mirage,"$1,663",-12%
90502,California,West Carson,"$1,582",-17%
93111,California,Santa Barbara,"$1,303",-31%
93268,California,Taft,"$1,538",-19%
93927,California,Greenfield,"$1,334",-30%
93210,California,Coalinga,"$1,552",-18%
92582,California,San Jacinto,"$1,654",-13%
93015,California,Fillmore,"$1,332",-30%
94945,California,Novato,"$1,311",-31%
90265,California,Malibu,"$2,190",15%
92587,California,Canyon Lake,"$1,714",-10%
94949,California,Novato,"$1,305",-31%
91901,California,Alpine,"$1,540",-19%
91506,California,Burbank,"$1,856",-2%
95959,California,Nevada City,"$1,720",-9%
91902,California,Chula Vista,"$1,388",-27%
94595,California,Walnut Creek,"$1,361",-28%
91723,California,Covina,"$1,638",-14%
95334,California,Livingston,"$1,317",-31%
93930,California,King City,"$1,373",-28%
94301,California,Palo Alto,"$1,189",-37%
95448,California,Healdsburg,"$1,234",-35%
93247,California,Lindsay,"$1,425",-25%
92617,California,Irvine,"$1,582",-17%
94618,California,Oakland,"$1,462",-23%
93013,California,Carpinteria,"$1,266",-33%
92610,California,Foothill Ranch,"$1,694",-11%
94702,California,Berkeley,"$1,513",-20%
93241,California,Lamont,"$1,418",-25%
95816,California,Sacramento,"$1,377",-27%
91914,California,Chula Vista,"$1,369",-28%
93728,California,Fresno,"$1,476",-22%
91436,California,Encino,"$2,164",14%
90245,California,El Segundo,"$1,556",-18%
93648,California,Parlier,"$1,493",-21%
90701,California,Artesia,"$1,845",-3%
90670,California,Santa Fe Springs,"$1,858",-2%
95673,California,Rio Linda,"$1,391",-27%
94305,California,Stanford,"$1,200",-37%
94612,California,Oakland,"$1,500",-21%
94960,California,San Anselmo,"$1,420",-25%
93402,California,Los Osos,"$1,117",-41%
93631,California,Kingsburg,"$1,463",-23%
92637,California,Laguna Woods,"$1,667",-12%
94505,California,Discovery Bay,"$1,328",-30%
95963,California,Orland,"$1,546",-19%
91203,California,Glendale,"$1,776",-6%
95252,California,Valley Springs,"$1,624",-14%
93110,California,Santa Barbara,"$1,314",-31%
94556,California,Moraga,"$1,353",-29%
95422,California,Clearlake,"$1,557",-18%
90623,California,La Palma,"$1,518",-20%
92010,California,Carlsbad,"$1,355",-29%
95203,California,Stockton,"$1,416",-25%
95304,California,Tracy,"$1,417",-25%
92845,California,Garden Grove,"$1,534",-19%
93950,California,Pacific Grove,"$1,285",-32%
92866,California,Orange,"$1,535",-19%
90305,California,Inglewood,"$1,955",3%
94502,California,Alameda,"$1,441",-24%
95066,California,Scotts Valley,"$1,511",-20%
95368,California,Salida,"$1,320",-30%
94552,California,Castro Valley,"$1,413",-26%
95650,California,Loomis,"$1,426",-25%
94542,California,Hayward,"$1,362",-28%
91208,California,Glendale,"$1,849",-3%
95437,California,Fort Bragg,"$1,447",-24%
96021,California,Corning,"$1,687",-11%
90232,California,Culver City,"$1,856",-2%
93250,California,McFarland,"$1,475",-22%
96022,California,Cottonwood,"$1,715",-10%
93543,California,Sun Village,"$2,185",15%
93221,California,Exeter,"$1,439",-24%
95605,California,West Sacramento,"$1,376",-28%
95315,California,Delhi,"$1,332",-30%
93514,California,Bishop,"$1,576",-17%
95540,California,Fortuna,"$1,402",-26%
92408,California,San Bernardino,"$1,659",-13%
94805,California,Richmond,"$1,367",-28%
90716,California,Hawaiian Gardens,"$1,847",-3%
92274,California,Oasis,"$1,736",-9%
94507,California,Alamo,"$1,358",-28%
95130,California,San Jose,"$1,223",-36%
94041,California,Mountain View,"$1,205",-37%
93505,California,California City,"$1,459",-23%
91377,California,Oak Park,"$1,485",-22%
95817,California,Sacramento,"$1,403",-26%
95388,California,Winton,"$1,339",-29%
93723,California,Fresno,"$1,400",-26%
95490,California,Willits,"$1,579",-17%
95030,California,Los Gatos,"$1,269",-33%
94705,California,Berkeley,"$1,464",-23%
93640,California,Mendota,"$1,530",-19%
95360,California,Newman,"$1,345",-29%
94108,California,San Francisco,"$1,574",-17%
93433,California,Grover Beach,"$1,137",-40%
94904,California,Kentfield,"$1,363",-28%
91108,California,San Marino,"$1,528",-20%
92625,California,Corona Del Mar,"$1,564",-18%
92014,California,San Diego,"$1,353",-29%
93204,California,Avenal,"$1,532",-19%
95357,California,Modesto,"$1,347",-29%
90013,California,Los Angeles,"$2,075",9%
95320,California,Escalon,"$1,407",-26%
94517,California,Clayton,"$1,336",-30%
94105,California,San Francisco,"$1,587",-16%
93923,California,Carmel,"$1,304",-31%
90293,California,Playa Del Rey,"$1,740",-8%
92055,California,Camp Pendleton,"$1,517",-20%
95832,California,Sacramento,"$1,422",-25%
92075,California,Solana Beach,"$1,394",-27%
91105,California,Pasadena,"$1,577",-17%
95742,California,Rancho Cordova,"$1,349",-29%
93301,California,Bakersfield,"$1,418",-25%
94920,California,Tiburon,"$1,383",-27%
93730,California,Fresno,"$1,400",-26%
92313,California,Grand Terrace,"$1,681",-11%
95814,California,Sacramento,"$1,393",-27%
93636,California,Bonadelle Ranchos-Madera Ranchos,"$1,565",-18%
94709,California,Berkeley,"$1,396",-26%
90040,California,Commerce,"$1,871",-1%
95954,California,Magalia,"$1,705",-10%
93908,California,Salinas,"$1,285",-32%
93614,California,Coarsegold,"$1,725",-9%
95948,California,Gridley,"$1,564",-18%
95451,California,Kelseyville,"$1,606",-15%
92007,California,Cardiff By The Sea,"$1,349",-29%
94708,California,Berkeley,"$1,405",-26%
94707,California,Berkeley,"$1,373",-28%
90212,California,Beverly Hills,"$2,226",17%
95640,California,Ione,"$1,563",-18%
90402,California,Santa Monica,"$1,906",0%
94065,California,Redwood City,"$1,284",-32%
93647,California,Orosi,"$1,428",-25%
90755,California,Signal Hill,"$1,674",-12%
94965,California,Sausalito,"$1,436",-24%
90248,California,Los Angeles,"$1,845",-3%
91207,California,Glendale,"$1,858",-2%
93109,California,Santa Barbara,"$1,258",-34%
95073,California,Soquel,"$1,443",-24%
93646,California,Orange Cove,"$1,575",-17%
91502,California,Burbank,"$1,855",-2%
95453,California,Lakeport,"$1,604",-16%
95425,California,Cloverdale,"$1,309",-31%
95953,California,Live Oak,"$1,473",-22%
93219,California,Earlimart,"$1,464",-23%
93442,California,Morro Bay,"$1,120",-41%
91978,California,Spring Valley,"$1,409",-26%
93223,California,Farmersville,"$1,375",-28%
91024,California,Sierra Madre,"$1,531",-19%
92314,California,Big Bear City,"$1,869",-2%
95326,California,Hughson,"$1,307",-31%
95338,California,Mariposa,"$1,602",-16%
95064,California,Santa Cruz,"$1,435",-24%
95694,California,Winters,"$1,454",-23%
95713,California,Colfax,"$1,604",-16%
95386,California,Waterford,"$1,344",-29%
93286,California,Woodlake,"$1,467",-23%
93108,California,Montecito,"$1,375",-28%
95119,California,San Jose,"$1,233",-35%
93701,California,Fresno,"$1,504",-21%
94571,California,Rio Vista,"$1,325",-30%
96019,California,Shasta Lake,"$1,800",-5%
95012,California,Castroville,"$1,308",-31%
95322,California,Gustine,"$1,367",-28%
92567,California,Nuevo,"$1,686",-11%
94572,California,Rodeo,"$1,346",-29%
95033,California,Los Gatos,"$1,525",-20%
94925,California,Corte Madera,"$1,415",-25%
92359,California,Mentone,"$1,709",-10%
93546,California,Mammoth Lakes,"$1,597",-16%
92310,California,Fort Irwin,"$1,693",-11%
92252,California,Joshua Tree,"$1,671",-12%
96097,California,Yreka,"$1,704",-10%
93465,California,Templeton,"$1,184",-38%
95006,California,Boulder Creek,"$1,564",-18%
93622,California,Firebaugh,"$1,527",-20%
91935,California,Jamul,"$1,541",-19%
94158,California,San Francisco,"$1,512",-20%
90211,California,Beverly Hills,"$2,236",18%
90014,California,Los Angeles,"$2,093",10%
94931,California,Cotati,"$1,195",-37%
90094,California,Playa Vista,"$1,829",-4%
92320,California,Calimesa,"$1,787",-6%
92657,California,Newport Coast,"$1,627",-14%
92067,California,Rancho Santa Fe,"$1,467",-23%
95010,California,Capitola,"$1,372",-28%
93926,California,Gonzales,"$1,348",-29%
94930,California,Fairfax,"$1,437",-24%
91020,California,Montrose,"$1,740",-8%
95019,California,Watsonville,"$1,398",-26%
95324,California,Hilmar-Irwin,"$1,318",-31%
92655,California,Midway City,"$1,542",-19%
92325,California,Crestline,"$1,914",1%
95327,California,Jamestown,"$1,606",-15%
94574,California,St. Helena,"$1,336",-30%
92548,California,Homeland,"$1,689",-11%
93721,California,Fresno,"$1,470",-23%
95988,California,Willows,"$1,509",-21%
92249,California,Heber,"$1,739",-8%
93620,California,Dos Palos,"$1,322",-30%
92254,California,Mecca,"$1,741",-8%
95946,California,Penn Valley,"$1,727",-9%
90077,California,Los Angeles,"$2,149",13%
93644,California,Oakhurst,"$1,712",-10%
92250,California,Holtville,"$1,681",-11%
95220,California,Acampo,"$1,417",-25%
95726,California,Pollock Pines,"$1,603",-16%
95065,California,Live Oak,"$1,444",-24%
92276,California,Thousand Palms,"$1,722",-9%
94710,California,Berkeley,"$1,513",-20%
95316,California,Denair,"$1,320",-30%
90056,California,Ladera Heights,"$1,896",0%
93449,California,Pismo Beach,"$1,159",-39%
93463,California,Solvang,"$1,275",-33%
95005,California,Ben Lomond,"$1,534",-19%
93625,California,Fowler,"$1,490",-22%
92241,California,Garnet,"$1,722",-9%
93434,California,Guadalupe,"$1,237",-35%
95932,California,Colusa,"$1,476",-22%
94515,California,Calistoga,"$1,324",-30%
92233,California,Calipatria,"$1,723",-9%
93510,California,Acton,"$2,333",23%
93445,California,Oceano,"$1,136",-40%
95139,California,San Jose,"$1,254",-34%
93234,California,Huron,"$1,537",-19%
94027,California,Atherton,"$1,256",-34%
96094,California,Weed,"$1,744",-8%
90401,California,Santa Monica,"$1,825",-4%
96067,California,Mount Shasta,"$1,798",-5%
94939,California,Larkspur,"$1,405",-26%
95811,California,Sacramento,"$1,369",-28%
92342,California,Silver Lakes,"$1,741",-8%
94028,California,Portola Valley,"$1,313",-31%
93022,California,Oak View,"$1,298",-32%
95202,California,Stockton,"$1,413",-26%
95631,California,Foresthill,"$1,579",-17%
95436,California,Forestville,"$1,246",-34%
93591,California,Lake Los Angeles,"$2,194",16%
95642,California,Jackson,"$1,540",-19%
95672,California,Cameron Park,"$1,516",-20%
95619,California,Diamond Springs,"$1,561",-18%
95658,California,Newcastle,"$1,493",-21%
93924,California,Carmel Valley Village,"$1,377",-27%
95693,California,Wilton,"$1,383",-27%
92624,California,Capistrano Beach,"$1,633",-14%
95018,California,Felton,"$1,524",-20%
93615,California,Cutler,"$1,410",-26%
93267,California,Strathmore,"$1,506",-21%
92352,California,Lake Arrowhead,"$1,870",-2%
92356,California,Lucerne Valley,"$1,722",-9%
93427,California,Buellton,"$1,273",-33%
93240,California,Lake Isabella,"$1,631",-14%
95683,California,Rancho Murieta,"$1,459",-23%
95987,California,Williams,"$1,480",-22%
93460,California,Santa Ynez,"$1,233",-35%
95249,California,San Andreas,"$1,635",-14%
95971,California,Quincy,"$1,742",-8%
95467,California,Hidden Valley Lake,"$1,615",-15%
95046,California,San Martin,"$1,293",-32%
92861,California,Villa Park,"$1,581",-17%
95626,California,Elverta,"$1,413",-26%
93256,California,Pixley,"$1,420",-25%
93656,California,Riverdale,"$1,503",-21%
92372,California,Pinon Hills,"$1,903",0%
93428,California,Cambria,"$1,169",-38%
95709,California,Camino,"$1,620",-15%
93270,California,Terra Bella,"$1,463",-23%
93225,California,Frazier Park,"$1,560",-18%
95231,California,French Camp,"$1,406",-26%
95222,California,Angels,"$1,621",-15%
92363,California,Needles,"$1,710",-10%
95470,California,Redwood Valley,"$1,565",-18%
93609,California,Caruthers,"$1,487",-22%
92315,California,Big Bear Lake,"$1,850",-3%
92590,California,Temecula,"$1,691",-11%
90290,California,Topanga,"$2,200",16%
96101,California,Alturas,"$1,619",-15%
92210,California,Indian Wells,"$1,677",-12%
92003,California,Bonsall,"$1,557",-18%
95912,California,Arbuckle,"$1,477",-22%
96088,California,Shingletown,"$1,812",-5%
92278,California,Twentynine Palms,"$1,712",-10%
92823,California,Brea,"$1,623",-15%
95722,California,Meadow Vista,"$1,606",-15%
95446,California,Guerneville,"$1,248",-34%
93272,California,Tipton,"$1,430",-25%
95692,California,Wheatland,"$1,481",-22%
95669,California,Plymouth,"$1,578",-17%
96013,California,Burney,"$1,783",-6%
91708,California,Chino,"$1,587",-16%
92382,California,Running Springs,"$1,887",-1%
93501,California,Mojave,"$1,512",-20%
95685,California,Sutter Creek,"$1,585",-17%
95666,California,Buckhorn,"$1,582",-17%
92121,California,San Diego,"$1,385",-27%
94005,California,Brisbane,"$1,301",-31%
92397,California,Wrightwood,"$1,907",0%
93235,California,Ivanhoe,"$1,394",-27%
96073,California,Palo Cedro,"$1,783",-6%
95627,California,Esparto,"$1,420",-25%
95228,California,Copperopolis,"$1,611",-15%
95633,California,Garden Valley,"$1,602",-16%
95236,California,Linden,"$1,441",-24%
95614,California,Auburn Lake Trails,"$1,585",-17%
92539,California,Anza,"$1,877",-1%
94304,California,Palo Alto,"$1,236",-35%
96064,California,Montague,"$1,747",-8%
95045,California,San Juan Bautista,"$1,356",-29%
95655,California,Mather,"$1,388",-27%
91906,California,Campo,"$1,710",-10%
95004,California,Aromas,"$1,346",-29%
95365,California,Planada,"$1,363",-28%
93202,California,Armona,"$1,449",-24%
93451,California,San Miguel,"$1,216",-36%
95938,California,Durham,"$1,571",-17%
90704,California,Avalon,"$1,646",-13%
96055,California,Los Molinos,"$1,663",-12%
90010,California,Los Angeles,"$1,983",4%
94508,California,Angwin,"$1,344",-29%
93660,California,San Joaquin,"$1,553",-18%
94111,California,San Francisco,"$1,563",-18%
94129,California,San Francisco,"$1,506",-21%
95623,California,El Dorado,"$1,571",-17%
95634,California,Georgetown,"$1,640",-14%
95917,California,Biggs,"$1,574",-17%
95379,California,Tuolumne City,"$1,612",-15%
95247,California,Murphys,"$1,665",-12%
95053,California,Santa Clara,"$1,185",-38%
92661,California,Newport Beach,"$1,585",-17%
95258,California,Woodbridge,"$1,408",-26%
95383,California,Twain Harte,"$1,609",-15%
93953,California,Del Monte Forest,"$1,299",-32%
93675,California,Squaw Valley,"$1,718",-10%
90089,California,Los Angeles,"$1,961",3%
95665,California,Pine Grove,"$1,578",-17%
93523,California,Edwards AFB,"$1,481",-22%
95328,California,Keyes,"$1,335",-30%
94951,California,Penngrove,"$1,210",-36%
95237,California,Lockeford,"$1,413",-26%
93437,California,Vandenberg AFB,"$1,266",-33%
95423,California,Clearlake Oaks,"$1,587",-16%
96122,California,Portola,"$1,745",-8%
95321,California,Pine Mountain Lake,"$1,626",-14%
95546,California,Hoopa,"$1,505",-21%
96093,California,Weaverville,"$1,773",-7%
93242,California,Laton,"$1,496",-21%
92140,California,San Diego,"$1,333",-30%
95562,California,Rio Dell,"$1,415",-25%
94535,California,Travis AFB,"$1,329",-30%
96143,California,Kings Beach,"$1,550",-18%
94038,California,Moss Beach,"$1,280",-33%
96035,California,Gerber,"$1,674",-12%
93602,California,Auberry,"$1,717",-10%
90021,California,Los Angeles,"$2,080",10%
94525,California,Crockett,"$1,347",-29%
93265,California,Springville,"$1,522",-20%
94130,California,San Francisco,"$1,536",-19%
93252,California,Maricopa,"$1,425",-25%
92256,California,Morongo Valley,"$1,851",-3%
95442,California,Glen Ellen,"$1,269",-33%
91330,California,Los Angeles,"$2,034",7%
96114,California,Janesville,"$1,793",-6%
95982,California,Sutter,"$1,476",-22%
95536,California,Ferndale,"$1,413",-26%
96137,California,Westwood,"$1,794",-6%
94599,California,Yountville,"$1,235",-35%
95457,California,Lower Lake,"$1,613",-15%
93643,California,North Fork,"$1,733",-9%
95333,California,Le Grand,"$1,368",-28%
90058,California,Los Angeles,"$2,073",9%
92549,California,Idyllwild-Pine Cove,"$1,883",-1%
94964,California,0,"$1,398",-26%
93921,California,Carmel-by-the-Sea,"$1,292",-32%
93066,California,Somis,"$1,260",-34%
93650,California,Fresno,"$1,437",-24%
96041,California,Hayfork,"$1,777",-6%
92281,California,Westmorland,"$1,704",-10%
95684,California,Somerset,"$1,629",-14%
94037,California,Montara,"$1,281",-33%
94720,California,Berkeley,"$1,401",-26%
95458,California,Lucerne,"$1,617",-15%
95428,California,Covelo,"$1,562",-18%
95485,California,Upper Lake,"$1,586",-16%
95663,California,Penryn,"$1,474",-22%
96032,California,Fort Jones,"$1,701",-10%
95464,California,Nice,"$1,625",-14%
95461,California,Middletown,"$1,632",-14%
92662,California,Newport Beach,"$1,582",-17%
93271,California,Three Rivers,"$1,586",-16%
93430,California,Cayucos,"$1,137",-40%
96145,California,Dollar Point,"$1,534",-19%
91962,California,Pine Valley,"$1,639",-14%
92536,California,Aguanga,"$1,867",-2%
93532,California,Elizabeth Lake,"$2,290",21%
92036,California,Julian,"$1,828",-4%
95918,California,Browns Valley,"$1,680",-12%
95951,California,Hamilton City,"$1,536",-19%
95223,California,Arnold,"$1,643",-13%
95570,California,Trinidad,"$1,446",-24%
90067,California,Los Angeles,"$1,977",4%
95113,California,San Jose,"$1,273",-33%
92275,California,Salton City,"$1,760",-7%
92365,California,Newberry Springs,"$1,798",-5%
93626,California,Friant,"$1,647",-13%
92285,California,Landers,"$1,720",-9%
96020,California,Chester,"$1,692",-11%
93453,California,Santa Margarita,"$1,233",-35%
93516,California,Boron,"$1,480",-22%
93616,California,Del Rey,"$1,527",-20%
92230,California,Cabazon,"$1,804",-5%
95211,California,Stockton,"$1,449",-24%
95329,California,La Grange,"$1,597",-16%
93651,California,Prather,"$1,693",-11%
92004,California,Borrego Springs,"$1,513",-20%
92061,California,Pauma Valley,"$1,595",-16%
96027,California,Etna,"$1,716",-10%
92391,California,Twin Peaks,"$1,895",0%
95542,California,Benbow,"$1,499",-21%
95002,California,Alviso,"$1,237",-35%
96025,California,Dunsmuir,"$1,801",-5%
93283,California,Weldon,"$1,568",-17%
93261,California,Richgrove,"$1,447",-24%
95454,California,Laytonville,"$1,568",-17%
93205,California,Bodfish,"$1,625",-14%
95638,California,Herald,"$1,411",-26%
93667,California,Tollhouse,"$1,685",-11%
95460,California,Mendocino,"$1,442",-24%
94514,California,Byron,"$1,318",-31%
96134,California,Tulelake,"$1,684",-11%
95690,California,Walnut Grove,"$1,347",-29%
92386,California,Sugarloaf,"$1,941",2%
92676,California,Silverado,"$1,753",-8%
94511,California,Bethel Island,"$1,297",-32%
93285,California,Wofford Heights,"$1,631",-14%
95445,California,Gualala,"$1,517",-20%
94020,California,La Honda,"$1,337",-30%
95311,California,Greeley Hill,"$1,652",-13%
92401,California,San Bernardino,"$1,688",-11%
93249,California,Lost Hills,"$1,610",-15%
96113,California,Patton Village,"$1,802",-5%
95465,California,Occidental,"$1,233",-35%
95567,California,Smith River,"$1,443",-24%
92273,California,Seeley,"$1,758",-7%
93040,California,Piru,"$1,380",-27%
90263,California,Malibu,"$2,169",14%
93222,California,Pine Mountain Club,"$1,622",-15%
93925,California,Chualar,"$1,355",-29%
93239,California,Kettleman City,"$1,491",-21%
91916,California,Descanso,"$1,721",-9%
95524,California,Bayside,"$1,393",-27%
95372,California,Soulsbyville,"$1,601",-16%
93562,California,Searles Valley,"$1,662",-12%
95528,California,Carlotta,"$1,471",-23%
93206,California,Buttonwillow,"$1,579",-17%
95975,California,Rough And Ready,"$1,731",-9%
96056,California,McArthur,"$1,761",-7%
92283,California,Winterhaven,"$1,775",-7%
96052,California,Lewiston,"$1,780",-6%
93426,California,Bradley,"$1,383",-27%
95374,California,Stevinson,"$1,337",-30%
95645,California,Knights Landing,"$1,411",-26%
95441,California,Geyserville,"$1,318",-31%
93527,California,Inyokern,"$1,476",-22%
95947,California,Greenville,"$1,781",-6%
96118,California,Loyalton,"$1,731",-9%
91905,California,Boulevard,"$1,740",-8%
95421,California,Cazadero,"$1,258",-34%
95310,California,Columbia,"$1,609",-15%
95245,California,Mokelumne Hill,"$1,648",-13%
92398,California,Yermo,"$1,789",-6%
95942,California,Forest Ranch,"$1,700",-10%
95551,California,Loleta,"$1,377",-27%
95903,California,Beale AFB,"$1,541",-19%
95255,California,West Point,"$1,661",-13%
95977,California,Smartsville,"$1,737",-9%
92059,California,Pala,"$1,642",-14%
95319,California,Empire,"$1,341",-29%
95937,California,Dunnigan,"$1,431",-25%
95560,California,Redway,"$1,488",-22%
93545,California,Lone Pine,"$1,631",-14%
94973,California,Woodacre,"$1,445",-24%
95955,California,Maxwell,"$1,468",-23%
93243,California,Lebec,"$1,725",-9%
93553,California,Pearblossom,"$2,214",17%
95469,California,Potter Valley,"$1,571",-17%
95323,California,Hickman,"$1,347",-29%
92561,California,Mountain Center,"$1,973",4%
95612,California,Clarksburg,"$1,369",-28%
95389,California,Yosemite National Park,"$1,621",-15%
93513,California,Big Pine,"$1,646",-13%
95641,California,Isleton,"$1,352",-29%
95689,California,Volcano,"$1,593",-16%
92282,California,Whitewater,"$1,793",-6%
93461,California,Shandon,"$1,178",-38%
93920,California,Big Sur,"$1,424",-25%
93601,California,Ahwahnee,"$1,704",-10%
95525,California,Blue Lake,"$1,421",-25%
95449,California,Hopland,"$1,587",-16%
95636,California,Grizzly Flats,"$1,660",-13%
92339,California,Forest Falls,"$1,909",1%
95468,California,Point Arena,"$1,512",-20%
93258,California,Poplar-Cotton Center,"$1,388",-27%
93440,California,Los Alamos,"$1,224",-36%
96140,California,Carnelian Bay,"$1,549",-18%
96103,California,Graeagle,"$1,735",-9%
96008,California,Bella Vista,"$1,827",-4%
92091,California,Rancho Santa Fe,"$1,477",-22%
95919,California,Brownsville,"$1,661",-13%
93653,California,Raymond,"$1,700",-10%
92242,California,Big River,"$1,794",-6%
95573,California,Willow Creek,"$1,506",-21%
95664,California,Pilot Hill,"$1,531",-19%
94924,California,Bolinas,"$1,436",-24%
95415,California,Boonville,"$1,547",-19%
92518,California,March ARB,"$1,701",-10%
92086,California,Warner Springs,"$1,739",-8%
93201,California,Alpaugh,"$1,470",-23%
95246,California,Mountain Ranch,"$1,676",-12%
95462,California,Monte Rio,"$1,231",-35%
92257,California,Niland,"$1,711",-10%
96062,California,Millville,"$1,793",-6%
95039,California,Moss Landing,"$1,326",-30%
95916,California,Berry Creek,"$1,690",-11%
93668,California,Tranquillity,"$1,535",-19%
96051,California,Lakehead,"$1,829",-4%
96023,California,Dorris,"$1,710",-10%
94923,California,Bodega Bay,"$1,201",-37%
94957,California,Ross,"$1,425",-25%
94956,California,Point Reyes Station,"$1,452",-24%
94575,California,Moraga,"$1,333",-30%
95968,California,Palermo,"$1,656",-13%
96069,California,Oak Run,"$1,791",-6%
95313,California,Crows Landing,"$1,391",-27%
95346,California,Mi-Wuk Village,"$1,616",-15%
95497,California,Sea Ranch,"$1,265",-33%
95589,California,Whitethorn,"$1,475",-22%
95686,California,Thornton,"$1,399",-26%
96044,California,Hornbrook,"$1,764",-7%
95426,California,Cobb,"$1,641",-14%
95548,California,Klamath,"$1,401",-26%
93432,California,Creston,"$1,249",-34%
94060,California,Pescadero,"$1,347",-29%
96146,California,Olympic Valley,"$1,557",-18%
96057,California,McCloud,"$1,785",-6%
95549,California,Kneeland,"$1,466",-23%
93266,California,Stratford,"$1,476",-22%
93544,California,Llano,"$2,277",20%
95317,California,El Nido,"$1,339",-29%
91008,California,Bradbury,"$1,534",-19%
95701,California,Alta,"$1,625",-14%
92368,California,Oro Grande,"$1,800",-5%
93608,California,Cantua Creek,"$1,531",-19%
96107,California,Walker,"$1,699",-11%
95962,California,Oregon House,"$1,660",-13%
95547,California,Hydesville,"$1,414",-26%
91917,California,Dulzura,"$1,667",-12%
94592,California,Vallejo,"$1,348",-29%
93666,California,Sultana,"$1,503",-21%
95681,California,Sheridan,"$1,390",-27%
95303,California,Ballico,"$1,346",-29%
93928,California,Jolon,"$1,378",-27%
96028,California,Fall River Mills,"$1,771",-7%
95369,California,Snelling,"$1,418",-25%
95410,California,Albion,"$1,482",-22%
94938,California,Lagunitas,"$1,470",-23%
90073,California,0,"$2,240",18%
93424,California,Avilla Beach,"$1,188",-37%
95466,California,Philo,"$1,534",-19%
96047,California,Igo,"$1,766",-7%
93624,California,Five Points,"$1,565",-18%
96142,California,Tahoma,"$1,610",-15%
96120,California,Markleeville,"$1,709",-10%
94937,California,Inverness,"$1,452",-24%
96104,California,Cedarville,"$1,656",-13%
96109,California,Doyle,"$1,745",-8%
95674,California,Rio Oso,"$1,468",-23%
95556,California,Orleans,"$1,472",-22%
95703,California,Applegate,"$1,573",-17%
92321,California,Cedar Glen,"$1,885",-1%
96039,California,Happy Camp,"$1,754",-8%
92070,California,Santa Ysabel,"$1,712",-10%
94933,California,Forest Knolls,"$1,472",-22%
95615,California,Courtland,"$1,349",-29%
94567,California,Pope Valley,"$1,348",-29%
94613,California,Oakland,"$1,481",-22%
93441,California,Los Olivos,"$1,254",-34%
93450,California,San Ardo,"$1,403",-26%
93255,California,Onyx,"$1,569",-17%
95941,California,Forbestown,"$1,684",-11%
95306,California,Catheys Valley,"$1,607",-15%
95459,California,Manchester,"$1,493",-21%
92327,California,Daggett,"$1,815",-4%
93518,California,Caliente,"$1,628",-14%
95017,California,Davenport,"$1,466",-23%
93218,California,Ducor,"$1,512",-20%
96024,California,Douglas City,"$1,803",-5%
96128,California,Standish,"$1,781",-6%
94586,California,Sunol,"$1,379",-27%
93238,California,Kernville,"$1,593",-16%
94528,California,Diablo,"$1,403",-26%
95635,California,Greenwood,"$1,604",-16%
96048,California,Junction City,"$1,824",-4%
91934,California,Jacumba,"$1,689",-11%
95553,California,Miranda,"$1,457",-23%
93606,California,Biola,"$1,485",-22%
93526,California,Independence,"$1,655",-13%
93254,California,New Cuyama,"$1,336",-30%
95659,California,East Nicolaus,"$1,464",-23%
95452,California,Kenwood,"$1,268",-33%
95227,California,Clements,"$1,472",-22%
95943,California,Glenn,"$1,520",-20%
95043,California,Paicines,"$1,443",-24%
94922,California,Bodega,"$1,207",-36%
94946,California,Nicasio,"$1,383",-27%
95957,California,Meridian,"$1,461",-23%
95254,California,Wallace,"$1,633",-14%
96096,California,Whitmore,"$1,827",-4%
96038,California,Grenada,"$1,690",-11%
95345,California,Midpines,"$1,632",-14%
93673,California,Traver,"$1,429",-25%
92358,California,Lytle Creek,"$1,896",0%
95552,California,Mad River,"$1,713",-10%
96087,California,Shasta,"$1,761",-7%
92347,California,Hinkley,"$1,780",-6%
95456,California,Little River,"$1,496",-21%
96148,California,Tahoe Vista,"$1,532",-19%
96091,California,Trinity Center,"$1,785",-6%
95830,California,Sacramento,"$1,418",-25%
95565,California,Scotia,"$1,434",-24%
95230,California,Farmington,"$1,493",-21%
95914,California,Bangor,"$1,708",-10%
94970,California,Stinson Beach,"$1,429",-25%
92135,California,San Diego,"$1,334",-30%
95652,California,McClellan Park,"$1,396",-26%
92309,California,Baker,"$1,733",-9%
95543,California,Gasquet,"$1,502",-21%
93517,California,Bridgeport,"$1,688",-11%
95225,California,Burson,"$1,645",-13%
90742,California,Sunset Beach,"$1,532",-19%
96006,California,Adin,"$1,711",-10%
92305,California,Angelus Oaks,"$1,861",-2%
95387,California,Westley,"$1,390",-27%
95432,California,Elk,"$1,508",-21%
95939,California,Elk Creek,"$1,576",-17%
95960,California,North San Juan,"$1,714",-10%
95563,California,Salyer,"$1,738",-8%
95668,California,Pleasant Grove,"$1,461",-23%
92328,California,Death Valley,"$1,752",-8%
95537,California,Fields Landing,"$1,387",-27%
94021,California,Loma Mar,"$1,348",-29%
95471,California,Rio Nido,"$1,237",-35%
93652,California,Raisin City,"$1,549",-18%
92322,California,Cedarpines Park,"$1,885",-1%
93452,California,San Simeon,"$1,202",-37%
95427,California,Comptche,"$1,543",-19%
95970,California,Princeton,"$1,480",-22%
91931,California,Guatay,"$1,683",-11%
92258,California,North Palm Springs,"$1,792",-6%
96084,California,Round Mountain,"$1,813",-5%
95922,California,Camptonville,"$1,690",-11%
95629,California,Fiddletown,"$1,608",-15%
96058,California,Macdoel,"$1,724",-9%
96090,California,Tehama,"$1,700",-10%
93932,California,Lockwood,"$1,404",-26%
95251,California,Vallecito,"$1,616",-15%
95950,California,Grimes,"$1,478",-22%
95412,California,Annapolis,"$1,306",-31%
96033,California,French Gulch,"$1,806",-5%
95651,California,Lotus,"$1,594",-16%
91963,California,Potrero,"$1,706",-10%
96059,California,Manton,"$1,777",-6%
95564,California,Samoa,"$1,386",-27%
96106,California,Clio,"$1,752",-8%
96141,California,Tahoma,"$1,581",-17%
92060,California,Palomar Mountain,"$1,641",-14%
95714,California,Dutch Flat,"$1,622",-15%
95439,California,Fulton,"$1,231",-35%
93954,California,San Lucas,"$1,382",-27%
94104,California,San Francisco,"$1,567",-17%
95527,California,Burnt Ranch,"$1,779",-6%
95385,California,Vernalis,"$1,479",-22%
95075,California,Tres Pinos,"$1,334",-30%
95585,California,Leggett,"$1,585",-17%
95675,California,River Pines,"$1,600",-16%
95554,California,Myers Flat,"$1,475",-22%
93563,California,Valyermo,"$2,268",19%
96050,California,Klamath River,"$1,757",-7%
93529,California,June Lake,"$1,659",-13%
95558,California,Petrolia,"$1,453",-23%
92333,California,Fawnskin,"$1,868",-2%
95956,California,Meadow Valley,"$1,769",-7%
95979,California,Stonyford,"$1,594",-16%
95007,California,Brookdale,"$1,550",-18%
95555,California,Orick,"$1,441",-24%
95257,California,Wilseyville,"$1,652",-13%
95233,California,Hathaway Pines,"$1,644",-13%
93962,California,Spreckels,"$1,311",-31%
93531,California,Keene,"$1,653",-13%
93664,California,Shaver Lake,"$1,702",-10%
93067,California,Summerland,"$1,373",-28%
96124,California,Calpine,"$1,780",-6%
93604,California,Bass Lake,"$1,699",-11%
96016,California,Cassel,"$1,806",-5%
93224,California,Fellows,"$1,577",-17%
92268,California,Pioneertown,"$1,858",-2%
95444,California,Graton,"$1,234",-35%
96075,California,Paynes Creek,"$1,767",-7%
91210,California,Glendale,"$1,879",-1%
96105,California,Chilcoot,"$1,795",-5%
91759,California,Mt Baldy,"$1,948",3%
92066,California,Ranchita,"$1,758",-7%
96015,California,Canby,"$1,657",-13%
95728,California,Soda Springs,"$1,682",-11%
96034,California,Gazelle,"$1,719",-9%
93244,California,Lemon Cove,"$1,503",-21%
96092,California,Vina,"$1,706",-10%
93669,California,Wishon,"$1,719",-9%
95435,California,Finley,"$1,620",-15%
95639,California,Hood,"$1,365",-28%
94929,California,Dillon Beach,"$1,420",-25%
95983,California,Taylorsville,"$1,760",-7%
95920,California,Butte City,"$1,554",-18%
96117,California,Litchfield,"$1,805",-5%
95606,California,Brooks,"$1,478",-22%
95607,California,Capay,"$1,489",-22%
95984,California,Twain,"$1,754",-8%
96129,California,Beckwourth,"$1,742",-8%
96121,California,Milford,"$1,830",-4%
92134,California,San Diego,"$1,326",-30%
92239,California,Desert Center,"$1,783",-6%
96009,California,Bieber,"$1,731",-9%
93628,California,Hume,"$1,706",-10%
96065,California,Montgomery Creek,"$1,825",-4%
96135,California,Vinton,"$1,832",-4%
95736,California,Weimar,"$1,610",-15%
93549,California,Olancha,"$1,720",-9%
95318,California,El Portal,"$1,593",-16%
93541,California,Lee Vining,"$1,622",-15%
95837,California,Sacramento,"$1,411",-26%
96054,California,Lookout,"$1,738",-8%
95925,California,Challenge,"$1,623",-15%
93641,California,Mira Monte,"$1,729",-9%
96011,California,Big Bend,"$1,826",-4%
95417,California,Branscomb,"$1,562",-18%
90743,California,Surfside,"$1,562",-18%
96063,California,Mineral,"$1,727",-9%
92341,California,Green Valley Lake,"$1,835",-3%
95569,California,Redcrest,"$1,464",-23%
94940,California,Marshall,"$1,467",-23%
93260,California,Posey,"$1,589",-16%
93512,California,Benton,"$1,709",-10%
94569,California,Port Costa,"$1,350",-29%
96086,California,Seiad Valley,"$1,778",-6%
93251,California,Mc Kittrick,"$1,616",-15%
95420,California,Caspar,"$1,463",-23%
92385,California,Skyforest,"$1,848",-3%
94516,California,Canyon,"$1,361",-28%
94972,California,Valley Ford,"$1,223",-36%
95450,California,Jenner,"$1,243",-35%
93645,California,O Neals,"$1,714",-10%
93207,California,California Hot Springs,"$1,511",-20%
92389,California,Tecopa,"$1,817",-4%
95568,California,Somes Bar,"$1,761",-7%
95526,California,Bridgeville,"$1,520",-20%
96112,California,Fort Bidwell,"$1,675",-12%
95312,California,Cressey,"$1,388",-27%
95232,California,Glencoe,"$1,633",-14%
96017,California,Castella,"$1,787",-6%
96076,California,Platina,"$1,785",-6%
96068,California,Nubieber,"$1,796",-5%
94971,California,Tomales,"$1,415",-25%
94963,California,San Geronimo,"$1,467",-23%
95224,California,Avery,"$1,663",-12%
95698,California,Zamora,"$1,404",-26%
95488,California,Westport,"$1,568",-17%
91046,California,Verdugo City,"$2,061",9%
96029,California,Flournoy,"$1,740",-8%
95697,California,Yolo,"$1,386",-27%
96037,California,Greenview,"$1,718",-10%
95443,California,Glenhaven,"$1,584",-17%
95494,California,Yorkville,"$1,530",-19%
94074,California,San Gregorio,"$1,320",-30%
95625,California,Elmira,"$1,321",-30%
94128,California,San Francisco,"$1,349",-29%
95550,California,Korbel,"$1,473",-22%
96115,California,Lake City,"$1,647",-13%
96126,California,Sierraville,"$1,783",-6%
93524,California,Edwards,"$1,506",-21%
92378,California,Rimforest,"$1,950",3%
96014,California,Callahan,"$1,726",-9%
95595,California,Zenia,"$1,758",-7%
93605,California,Big Creek,"$1,676",-12%
96108,California,Davis Creek,"$1,652",-13%
95910,California,Alleghany,"$1,760",-7%
95646,California,Kirkwood,"$1,668",-12%
95978,California,Stirling City,"$1,690",-11%
90071,California,Los Angeles,"$2,128",12%
95717,California,Gold Run,"$1,621",-15%
96116,California,Likely,"$1,682",-11%
93603,California,Badger,"$1,614",-15%
95637,California,Guinda,"$1,510",-20%
95511,California,Alderpoint,"$1,456",-23%
95601,California,Amador City,"$1,594",-16%
96133,California,Topaz,"$1,758",-7%
93627,California,Helm,"$1,559",-18%
93276,California,Tupman,"$1,738",-8%
90822,California,Long Beach,"$1,695",-11%
93042,California,0,"$1,283",-32%
95571,California,Weott,"$1,451",-24%
96046,California,Hyampom,"$1,770",-7%
94576,California,Deer Park,"$1,320",-30%
95986,California,Washington,"$1,723",-9%
92266,California,Palo Verde,"$1,837",-3%
94950,California,Olema,"$1,443",-24%
93621,California,Dunlap,"$1,695",-11%
95930,California,Clipper Mills,"$1,665",-12%
91948,California,Mount Laguna,"$1,699",-11%
95935,California,Dobbins,"$1,664",-12%
96111,California,Floriston,"$1,700",-10%
95545,California,Honeydew,"$1,455",-23%
93208,California,Camp Nelson,"$1,518",-20%
95514,California,Blocksburg,"$1,508",-21%
95463,California,Navarro,"$1,520",-20%
96074,California,Paskenta,"$1,719",-9%
95720,California,Kyburz,"$1,657",-13%
95248,California,Rail Road Flat,"$1,659",-13%
95559,California,Phillipsville,"$1,482",-22%
95715,California,Emigrant Gap,"$1,615",-15%
93554,California,Randsburg,"$1,538",-19%
95493,California,Witter Springs,"$1,584",-17%
95936,California,Downieville,"$1,789",-6%
96031,California,Forks Of Salmon,"$1,743",-8%
96010,California,Big Bar,"$1,793",-6%
92332,California,Essex,"$1,792",-6%
93522,California,Darwin,"$1,834",-3%
92259,California,Ocotillo,"$1,772",-7%
93429,California,Casmalia,"$1,238",-35%
95335,California,Long Barn,"$1,629",-14%
96110,California,Eagleville,"$1,687",-11%
95429,California,Dos Rios,"$1,563",-18%
96125,California,Sierra City,"$1,773",-7%
93226,California,Glennville,"$1,646",-13%
95944,California,Goodyears Bar,"$1,704",-10%
95934,California,Crescent Mills,"$1,766",-7%
93287,California,Woody,"$1,654",-13%
94573,California,Rutherford,"$1,264",-33%
96040,California,Hat Creek,"$1,803",-5%
96085,California,Scott Bar,"$1,738",-8%
95325,California,Hornitos,"$1,562",-18%
95679,California,Rumsey,"$1,497",-21%
95587,California,Piercy,"$1,582",-17%
93623,California,Fish Camp,"$1,606",-15%
95140,California,Mount Hamilton,"$1,295",-32%
96132,California,Termo,"$1,803",-5%
93528,California,Johannesburg,"$1,538",-19%
93220,California,Edison,"$1,500",-21%
93262,California,Sequoia National Park,"$1,548",-18%
96123,California,Ravendale,"$1,788",-6%
95486,California,Villa Grande,"$1,239",-35%
95981,California,Strawberry Valley,"$1,671",-12%
95013,California,Coyote,"$1,285",-32%
95735,California,Twin Bridges,"$1,656",-13%
93634,California,Lakeshore,"$1,646",-13%
95923,California,Canyon Dam,"$1,781",-6%
92267,California,Parker Dam,"$1,840",-3%
96136,California,Wendel,"$1,812",-5%
95724,California,Norden,"$1,657",-13%
96071,California,Old Station,"$1,801",-5%
94512,California,Birds Landing,"$1,320",-30%
92384,California,Shoshone,"$1,743",-8%
91608,California,Universal City,"$1,970",4%
93558,California,Red Mountain,"$1,686",-11%
95430,California,Duncans Mills,"$1,211",-36%
95699,California,Drytown,"$1,682",-11%
96119,California,Madeline,"$1,833",-3%
92304,California,Amboy,"$1,840",-3%
93530,California,Keeler,"$1,748",-8%
92364,California,Nipton,"$1,804",-5%
41007,Kentucky,California,"$1,999",5%
20619,Maryland,California,"$1,623",-15%
65018,Missouri,California,"$2,811",48%
15419,Pennsylvania,California,"$1,173",-38%
15423,Pennsylvania,California,"$1,201",-37%
